StockCode,Description,transactions,total_quantity_sold,total_revenue,avg_unit_price,unique_customers,countries_sold
DOT,DOTCOM POSTAGE,708,708,206248.76999999996,291.31182203389824,2,1
22423,REGENCY CAKESTAND 3 TIER,2019,13890,174484.73999999985,13.963080733036142,882,30
23843,"PAPER CRAFT , LITTLE BIRDIE",1,80995,168469.6,2.08,1,1
85123A,WHITE HANGING HEART T-LIGHT HOLDER,2260,37603,104340.29000000023,3.1097610619469145,857,16
47566,PARTY BUNTING,1707,18299,99504.33000000007,5.790878734622112,709,20
85099B,JUMBO BAG RED RETROSPOT,2115,48478,94340.04999999974,2.4819338061465777,636,20
23166,MEDIUM CERAMIC TOP STORAGE JAR,250,78033,81700.92000000001,1.4684799999999998,139,10
M,Manual,327,7230,78110.27,226.62455657492353,202,13
POST,POSTAGE,1126,3150,78101.88,31.076580817051507,332,24
23084,RABBIT NIGHT LIGHT,1036,30788,66964.99000000012,2.3805019305019233,451,20
22086,PAPER CHAIN KIT 50'S CHRISTMAS ,1200,19355,64952.29000000009,3.3568333333333467,614,10
84879,ASSORTED COLOUR BIRD ORNAMENT,1489,36461,59094.930000000335,1.7222901276024267,679,16
79321,CHILLI LIGHTS,673,10309,54117.75999999998,6.759257057949486,206,5
23298,SPOTTY BUNTING,1160,8498,42548.13000000008,5.512456896551711,572,16
22386,JUMBO BAG PINK POLKADOT,1238,21465,42436.239999999954,2.5961147011308614,373,13
21137,BLACK RECORD COVER FRAME,379,11656,40652.12999999999,4.211899736147753,141,7
22502,PICNIC BASKET WICKER 60 PIECES,2,61,39619.5,649.5,1,1
23284,DOORMAT KEEP CALM AND COME IN,735,5491,38166.63999999998,8.774136054421765,379,15
22720,SET OF 3 CAKE TINS PANTRY DESIGN ,1399,7493,38158.39000000012,5.829292351679765,641,22
22960,JAM MAKING SET WITH JARS,1142,8717,37128.880000000005,5.067425569176879,574,26
82484,WOOD BLACK BOARD ANT WHITE FINISH,687,6020,36030.219999999965,8.439039301310068,286,13
20725,LUNCH BAG RED RETROSPOT,1594,19353,35752.00999999999,2.1277979924717583,533,19
22197,POPCORN HOLDER,829,36761,34298.87,1.0200120627261782,296,12
22178,VICTORIAN GLASS HANGING T-LIGHT,1047,24304,33187.97,1.6431041069722987,404,14
22114,HOT WATER BOTTLE TEA AND SYMPATHY,651,5748,33002.59000000001,5.011075268817203,326,10
22910,PAPER CHAIN KIT VINTAGE CHRISTMAS,838,10604,32873.34000000003,3.364188544152754,471,7
22112,CHOCOLATE HOT WATER BOTTLE,881,6026,32866.18000000002,6.058093076049962,383,13
85099F,JUMBO BAG STRAWBERRY,827,17276,32570.469999999983,2.370592503022974,316,11
22469,HEART OF WICKER SMALL,1226,17971,32107.79999999999,1.9579445350734013,574,12
23245,SET OF 3 REGENCY CAKE TINS,882,6357,31177.949999999968,5.877074829931984,473,24
21931,JUMBO STORAGE BAG SUKI,1197,13654,30770.120000000014,2.7448370927318346,334,15
22727,ALARM CLOCK BAKELIKE RED ,1074,7815,30701.119999999988,4.389050279329609,389,19
23199,JUMBO BAG APPLES,988,14920,30475.64999999992,2.5689372469635687,345,15
22470,HEART OF WICKER LARGE,945,9902,30139.409999999996,3.278730158730165,486,6
22355,CHARLOTTE BAG SUKI DESIGN,899,18152,29277.95000000002,1.2129365962180185,250,11
22699,ROSES REGENCY TEACUP AND SAUCER ,1084,9878,29095.269999999953,3.6514852398524043,424,21
23355,HOT WATER BOTTLE KEEP CALM,805,5841,28842.550000000003,5.267962732919264,475,13
22411,JUMBO SHOPPER VINTAGE RED PAISLEY,1190,12602,28634.950000000026,2.6838067226890807,376,15
22457,NATURAL SLATE HEART CHALKBOARD ,1263,9172,28147.959999999908,3.585977830562167,588,12
85099C,JUMBO  BAG BAROQUE BLACK WHITE,946,13922,28092.20000000003,2.6033826638477824,307,14
20685,DOORMAT RED RETROSPOT,700,4093,28082.53999999999,8.938728571428582,330,17
23201,JUMBO BAG ALPHABET,916,13379,27890.169999999976,2.3905567685589575,397,17
22726,ALARM CLOCK BAKELIKE GREEN,1000,6430,27196.53,4.533300000000001,323,15
84347,ROTATING SILVER ANGELS T-LIGHT HLDR,471,9476,26463.829999999994,3.4023991507430993,193,12
21915,RED  HARMONICA IN BOX ,667,21933,26331.58,1.4247826086956523,350,17
22666,RECIPE BOX PANTRY YELLOW DESIGN,1133,8297,26240.599999999926,3.677325684024724,472,18
21175,GIN + TONIC DIET METAL SIGN,768,11727,25836.570000000058,2.7412890625000017,331,12
22629,SPACEBOY LUNCH BOX ,916,14260,25740.469999999965,2.1904148471615668,323,18
22961,JAM MAKING SET PRINTED,1169,16412,25660.979999999934,1.902968349016255,538,25
48138,DOORMAT UNION FLAG,620,3762,25609.59999999999,8.886322580645176,314,11
21181,PLEASE ONE PERSON METAL SIGN,865,12305,25290.57999999998,2.4230520231213943,362,9
23173,REGENCY TEAPOT ROSES ,425,2770,24918.929999999964,11.108705882352966,249,17
21621,VINTAGE UNION JACK BUNTING,487,2789,24542.830000000005,9.442135523613965,268,7
23203,JUMBO BAG VINTAGE DOILY ,724,11464,24522.359999999906,2.2987707182320536,364,14
22111,SCOTTIE DOG HOT WATER BOTTLE,791,4666,24509.839999999997,5.794487989886239,426,11
22722,SET OF 6 SPICE TINS PANTRY DESIGN,858,5978,24483.660000000014,4.6672027972028065,394,20
22326,ROUND SNACK BOXES SET OF4 WOODLAND ,746,8560,24438.619999999948,3.4597319034852574,282,23
48187,DOORMAT NEW ENGLAND,606,3830,24292.83999999999,8.46239273927394,315,10
22138,BAKING SET 9 PIECE RETROSPOT ,947,4948,24239.719999999998,5.349313621964115,582,25
21731,RED TOADSTOOL LED NIGHT LIGHT,862,14009,23932.980000000025,2.3844199535962836,267,19
48185,DOORMAT FAIRY CAKE,368,3617,23888.80999999999,10.109565217391317,144,13
23344,JUMBO BAG 50'S CHRISTMAS ,732,10306,23815.749999999956,2.4131284153005557,392,12
23243,SET OF TEA COFFEE SUGAR TINS PANTRY,474,4805,23514.170000000002,5.860274261603385,276,20
22189,CREAM HEART CARD HOLDER,531,8291,23463.47,4.447984934086629,275,8
21733,RED HANGING HEART T-LIGHT HOLDER,760,7882,23228.739999999976,3.1590526315789487,386,16
21929,JUMBO BAG PINK VINTAGE PAISLEY,873,11007,23181.140000000032,2.6776632302405514,309,14
82482,WOODEN PICTURE FRAME WHITE FINISH,1111,9006,23113.260000000017,3.1016561656165575,411,9
20713,JUMBO BAG OWLS,667,11444,23030.960000000014,2.7718590704647696,208,16
21623,VINTAGE UNION JACK MEMOBOARD,224,3272,23010.089999999997,10.36870535714286,140,5
22139,RETROSPOT TEA SET CERAMIC 11 PC ,972,4527,22912.809999999976,5.724362139917711,489,22
22697,GREEN REGENCY TEACUP AND SAUCER,1043,7304,22826.29999999993,3.8118791946308783,388,21
22090,PAPER BUNTING RETROSPOT,805,7588,22790.960000000003,3.773043478260875,326,16
85066,CREAM SWEETHEART MINI CHEST,529,1793,22708.950000000004,14.293402646502841,290,11
20727,LUNCH BAG  BLACK SKULL.,1328,12240,22421.210000000014,2.09847891566264,459,13
15056N,EDWARDIAN PARASOL NATURAL,460,3954,22176.489999999998,6.9445217391304475,185,13
84029E,RED WOOLLY HOTTIE WHITE HEART.,443,4765,22144.979999999992,5.116546275395034,229,8
48194,DOORMAT HEARTS,597,3421,22138.57,9.226482412060315,287,11
20712,JUMBO BAG WOODLAND ANIMALS,869,9773,22092.420000000035,2.926616800920599,249,18
23202,JUMBO BAG VINTAGE LEAF,889,10962,21852.81000000001,2.2953543307086663,378,11
20724,RED RETROSPOT CHARLOTTE BAG,1052,17771,21776.79000000001,1.1399049429657795,336,15
20728,LUNCH BAG CARS BLUE,1174,11817,21750.630000000012,2.059352640545135,480,18
22630,DOLLY GIRL LUNCH BOX,871,11793,21635.139999999985,2.3258323765786404,288,20
21523,DOORMAT FANCY FONT HOME SWEET HOME,503,3246,21601.689999999995,9.511709741550705,204,9
21843,RED RETROSPOT CAKE STAND,542,2013,21365.249999999978,12.60450184501846,261,16
21212,PACK OF 72 RETROSPOT CAKE CASES,1370,36419,21259.099999999955,0.75843065693431,636,21
21166,COOK WITH WINE METAL SIGN ,734,10364,20957.640000000007,2.3860899182561286,288,10
23206,LUNCH BAG APPLE DESIGN,1071,12183,20911.98,2.0520821661998028,402,18
22659,LUNCH BOX I LOVE LONDON,732,11523,20818.699999999993,2.3104098360655683,214,13
22728,ALARM CLOCK BAKELIKE PINK,793,5364,20702.15,4.5777427490542255,292,16
21479,WHITE SKULL HOT WATER BOTTLE ,514,3919,20594.449999999993,4.971342412451361,253,9
82494L,WOODEN FRAME ANTIQUE WHITE ,921,6749,19640.789999999964,3.260846905537468,393,8
84946,ANTIQUE SILVER T-LIGHT GLASS,696,14688,19411.620000000006,1.501393678160919,349,5
22501,PICNIC BASKET WICKER LARGE,449,1607,19322.160000000033,14.317616926503321,188,8
22328,ROUND SNACK BOXES SET OF 4 FRUITS ,595,6847,19130.369999999974,3.2704033613445342,228,16
22467,GUMBALL COAT RACK,698,7962,18890.470000000023,2.8751575931232125,263,17
22969,HOMEMADE JAM SCENTED CANDLES,647,12532,18788.54999999999,1.7919783616692389,430,19
22383,LUNCH BAG SUKI DESIGN ,1121,10333,18750.58000000001,2.109553969669928,400,12
15036,ASSORTED COLOURS SILK FAN,519,23826,18569.839999999993,1.067764932562621,195,10
20726,LUNCH BAG WOODLAND,1042,9934,18323.380000000012,2.174136276391546,373,18
22382,LUNCH BAG SPACEBOY DESIGN ,1179,10464,18092.36000000001,2.008473282442738,491,18
21108,FAIRY CAKE FLANNEL ASSORTED COLOUR,267,10253,18069.279999999995,2.3087640449438216,161,14
22835,HOT WATER BOTTLE I AM SO POORLY,673,3474,18055.11000000001,5.870624071322447,317,7
22693,GROW A FLYTRAP OR SUNFLOWER IN TIN,305,16244,17927.45,1.4859344262295082,168,11
22865,HAND WARMER OWL DESIGN,676,8498,17910.03,2.355177514792908,376,11
21485,RETROSPOT HEART HOT WATER BOTTLE,647,3533,17708.530000000006,5.62941267387946,372,15
20914,SET/5 RED RETROSPOT LID GLASS BOWLS,902,6084,17655.799999999963,3.2856097560975672,357,13
22698,PINK REGENCY TEACUP AND SAUCER,794,5825,17551.759999999962,3.679685138539045,320,16
22384,LUNCH BAG PINK POLKADOT,1117,10515,17435.190000000006,2.026454789615031,445,16
23203,JUMBO BAG DOILEY PATTERNS,518,8895,17272.84999999998,2.240212355212364,300,11
21928,JUMBO BAG SCANDINAVIAN BLUE PAISLEY,667,8414,17245.930000000022,2.6805547226386817,233,10
22077,6 RIBBONS RUSTIC CHARM,980,9183,17205.370000000006,2.2061224489795883,414,16
22385,JUMBO BAG SPACEBOY DESIGN,698,8684,17081.860000000022,2.644126074498565,248,14
71477,COLOUR GLASS. STAR T-LIGHT HOLDER,267,5737,17073.65000000001,3.9320973782771516,146,4
22197,SMALL POPCORN HOLDER,597,20160,17055.150000000005,1.0736515912897826,229,11
21754,HOME BUILDING BLOCK WORD,796,2780,17049.920000000006,6.617638190954794,361,12
82583,HOT BATHS METAL SIGN,633,7306,17047.06,2.9396050552922626,207,6
22492,MINI PAINT SET VINTAGE ,380,26633,16937.82000000001,0.7850263157894737,214,21
20719,WOODLAND CHARLOTTE BAG,850,13310,16759.750000000007,1.204611764705881,239,17
22624,IVORY KITCHEN SCALES,731,1928,16528.31000000001,9.376894664842686,377,16
22993,SET OF 4 PANTRY JELLY MOULDS,1102,12672,16507.230000000007,1.495090744101633,432,19
84978,HANGING HEART JAR T-LIGHT HOLDER,737,12512,16477.530000000002,1.4823609226594299,305,8
84078A,SET/4 WHITE RETRO STORAGE CUBES ,155,415,16363.299999999997,45.23225806451614,80,7
23301,GARDENERS KNEELING PAD KEEP CALM ,926,8825,16357.050000000012,1.9420626349891925,406,9
84029G,KNITTED UNION FLAG HOT WATER BOTTLE,469,3323,16164.039999999995,5.196545842217483,212,7
85152,HAND OVER THE CHOCOLATE   SIGN ,683,8272,15983.329999999989,2.3569546120058606,271,7
23313,VINTAGE CHRISTMAS BUNTING,413,2997,15833.309999999992,5.541380145278466,255,9
15056BL,EDWARDIAN PARASOL BLACK,321,2844,15828.839999999997,6.430311526479746,143,13
22379,RECYCLING BAG RETROSPOT ,755,6910,15636.990000000022,3.1818278145695422,188,9
82483,WOOD 2 DRAWER CABINET WHITE FINISH,555,2403,15240.07000000001,6.950486486486502,242,5
22084,PAPER CHAIN KIT EMPIRE,446,5189,15122.970000000001,3.2706726457399156,278,4
84997D,CHILDRENS CUTLERY POLKADOT PINK,363,3668,14501.939999999999,4.501349862258947,209,21
22752,SET 7 BABUSHKA NESTING BOXES,384,1790,14453.470000000001,9.788281250000002,189,13
22866,HAND WARMER SCOTTY DOG DESIGN,580,6632,14410.620000000006,2.3291724137931094,330,9
22847,BREAD BIN DINER STYLE IVORY,375,901,14329.539999999992,17.415146666666693,215,17
48184,DOORMAT ENGLISH ROSE ,413,2047,14324.000000000004,8.553050847457637,228,12
23200,JUMBO BAG PEARS,602,7071,14197.280000000017,2.4279235880398664,263,13
22507,MEMO BOARD RETROSPOT  DESIGN,459,2960,14193.349999999999,6.295599128540312,231,11
22083,PAPER CHAIN KIT RETROSPOT,614,4658,14159.539999999992,3.7612377850162853,295,13
22625,RED KITCHEN SCALES,559,1645,14141.700000000006,9.672003577817538,293,18
21232,STRAWBERRY CERAMIC TRINKET BOX,715,10484,14130.080000000005,1.6526853146853142,297,17
22867,HAND WARMER BIRD DESIGN,568,6441,14078.689999999991,2.397623239436624,334,8
21930,JUMBO STORAGE BAG SKULLS,717,6450,14031.160000000014,2.784030683403066,221,8
23343,JUMBO BAG VINTAGE CHRISTMAS ,489,6081,13978.950000000004,2.4152965235173824,287,11
22622,BOX OF VINTAGE ALPHABET BLOCKS,267,1342,13931.310000000005,12.382434456928852,175,13
84077,WORLD WAR 2 GLIDERS ASSTD DESIGNS,537,55047,13841.850000000024,0.32067039106145206,308,14
20971,PINK BLUE FELT CRAFT TRINKET BOX,533,11001,13838.100000000002,1.4184803001876174,278,13
22941,CHRISTMAS LIGHTS 10 REINDEER,313,1672,13812.920000000006,9.953546325878602,206,12
AMAZONFEE,AMAZON FEE,2,2,13761.09,6880.545,1,1
22171,3 HOOK PHOTO SHELF ANTIQUE WHITE,386,1811,13746.110000000006,10.002823834196898,173,8
23077,DOUGHNUT LIP GLOSS ,345,10415,13720.77,1.3451594202898551,218,15
22551,PLASTERS IN TIN SPACEBOY,689,8082,13615.310000000021,1.8615384615384607,340,22
21524,DOORMAT SPOTTY HOME SWEET HOME,486,1757,13612.410000000002,9.192880658436227,252,16
23356,LOVE HOT WATER BOTTLE,500,2386,13494.969999999987,6.1984600000000265,317,10
23207,LUNCH BAG ALPHABET DESIGN,767,7851,13360.199999999997,1.98607561929595,378,13
22558,CLOTHES PEGS RETROSPOT PACK 24 ,781,8689,13346.040000000005,1.8319590268886052,364,14
22554,PLASTERS IN TIN WOODLAND ANIMALS,724,7813,13344.77000000002,1.907734806629832,352,23
23108,SET OF 10 LED DOLLY LIGHTS,375,2221,13303.02,6.468746666666666,272,19
23328,SET 6 SCHOOL MILK BOTTLES IN CRATE,413,2845,13284.490000000007,4.835060532687654,196,9
22113,GREY HEART HOT WATER BOTTLE,591,3231,12805.330000000002,4.396125211505922,338,11
22499,WOODEN UNION JACK BUNTING,410,2091,12792.249999999998,6.789317073170747,218,6
22427,ENAMEL FLOWER JUG CREAM,515,2113,12671.059999999996,6.52516504854371,312,8
20750,RED RETROSPOT MINI CASES,387,1748,12642.930000000008,8.121395348837222,236,22
20749,ASSORTED COLOUR MINI CASES,388,1770,12614.17000000001,8.064407216494857,240,18
21755,LOVE BUILDING BLOCK WORD,654,2034,12572.709999999992,6.67241590214069,338,12
22607,WOODEN ROUNDERS GARDEN SET ,362,1331,12571.36999999999,10.73251381215471,225,6
20723,STRAWBERRY CHARLOTTE BAG,730,9798,12552.400000000007,1.2002876712328743,231,12
21790,VINTAGE SNAP CARDS,940,14528,12515.959999999992,1.0148936170212737,450,8
22188,BLACK HEART CARD HOLDER,190,4871,12487.170000000004,4.348157894736839,124,4
22568,FELTCRAFT CUSHION OWL,480,3380,12440.140000000003,4.156937499999999,245,10
22424,ENAMEL BREAD BIN CREAM,456,875,12383.830000000004,15.880548245614042,190,5
22149,FELTCRAFT 6 FLOWER FRIENDS,559,6078,12373.87999999999,2.451484794275497,338,12
23174,REGENCY SUGAR BOWL GREEN,325,3057,12350.730000000007,4.793138461538455,191,18
21977,PACK OF 60 PINK PAISLEY CAKE CASES,890,24854,12245.01999999999,0.7425056179775292,411,19
48188,DOORMAT WELCOME PUPPIES,288,2065,12114.969999999996,8.816250000000005,164,11
47590B,PINK HAPPY BIRTHDAY BUNTING,397,2327,12071.919999999995,5.819848866498744,239,19
22273,FELTCRAFT DOLL MOLLY,338,4514,12016.34,3.2620414201183388,212,15
22191,IVORY DINER WALL CLOCK,425,1452,11971.150000000003,8.847411764705882,240,12
22158,3 HEARTS HANGING DECORATION RUSTIC,315,3463,11944.879999999994,3.342730158730155,197,3
82486,WOOD S/3 CABINET ANT WHITE FINISH,408,1408,11937.680000000004,9.03514705882355,184,6
21430,SET/3 RED GINGHAM ROSE STORAGE BOX,482,3040,11928.450000000008,4.9237551867219915,187,13
22087,PAPER BUNTING WHITE LACE,334,4089,11893.229999999987,3.3920359281437107,156,8
22193,RED DINER WALL CLOCK,463,1403,11882.570000000003,9.2366090712743,207,14
23300,GARDENERS KNEELING PAD CUP OF TEA ,773,6827,11815.690000000017,1.9064165588615722,352,6
22502,PICNIC BASKET WICKER SMALL,468,1908,11807.11999999999,7.520811965811968,176,7
21936,RED RETROSPOT PICNIC BAG,534,3987,11671.08999999999,3.707003745318356,224,16
23581,JUMBO BAG PAISLEY PARK,351,5035,11613.029999999944,2.253276353276361,231,8
22692,DOORMAT WELCOME TO OUR HOME,450,1529,11555.560000000005,9.485511111111121,232,15
21217,RED RETROSPOT ROUND CAKE TINS,345,1089,11532.389999999996,12.56808695652175,168,15
22730,ALARM CLOCK BAKELIKE IVORY,579,2892,11479.65,4.41,242,12
21481,FAWN BLUE HOT WATER BOTTLE,506,3314,11466.369999999999,4.09409090909091,254,15
22356,CHARLOTTE BAG PINK POLKADOT,760,9721,11420.29000000001,1.2472105263157869,221,14
21216,"SET 3 RETROSPOT TEA,COFFEE,SUGAR",439,2133,11407.559999999992,7.38111617312073,151,18
22041,"RECORD FRAME 7"" SINGLE SIZE ",365,4374,11354.560000000007,3.6764931506849323,74,5
21340,CLASSIC METAL BIRDCAGE PLANT HOLDER,294,978,11338.269999999999,13.377210884353746,180,11
21080,SET/20 RED RETROSPOT PAPER NAPKINS ,1013,13212,11319.359999999995,1.0908094768015797,428,17
47566B,TEA TIME PARTY BUNTING,369,2382,11290.120000000003,5.559376693766945,193,11
22605,WOODEN CROQUET GARDEN SET,300,782,11276.209999999997,16.224900000000012,182,12
22570,FELTCRAFT CUSHION RABBIT,395,3092,11227.470000000003,4.2893670886075945,203,10
23170,REGENCY TEA PLATE ROSES ,446,6869,11117.050000000012,2.0747533632286985,225,15
22413,METAL SIGN TAKE IT OR LEAVE IT ,419,3777,11104.79,3.3455847255369884,229,13
22662,LUNCH BAG DOLLY GIRL DESIGN,698,6724,11090.580000000009,1.9310028653295093,311,16
20711,JUMBO BAG TOYS ,525,5008,11014.620000000014,3.1207619047619026,153,9
85014B,RED RETROSPOT UMBRELLA,353,1915,10981.949999999997,6.821473087818701,211,13
22988,SOLDIERS EGG CUP ,430,9137,10938.310000000001,1.4932093023255815,198,4
85048,15CM CHRISTMAS GLASS BALL 20 LIGHTS,263,1359,10910.610000000008,9.306958174904954,171,6
23209,LUNCH BAG VINTAGE DOILY ,617,6562,10820.100000000006,1.894991896272275,320,13
22617,BAKING SET SPACEBOY DESIGN,468,2210,10745.049999999988,5.45707264957265,297,20
22846,BREAD BIN DINER STYLE RED ,278,665,10676.619999999997,17.699460431654693,159,18
22734,SET OF 6 RIBBONS VINTAGE CHRISTMAS,436,3265,10621.600000000006,3.504931192660541,279,12
21791,VINTAGE HEADS AND TAILS CARD GAME ,614,7890,10535.650000000005,1.5025081433224756,343,18
21891,TRADITIONAL WOODEN SKIPPING ROPE,445,8146,10526.000000000011,1.5842022471910102,265,13
84755,COLOUR GLASS T-LIGHT HOLDER HANGING,628,16449,10518.250000000007,0.7267993630573267,319,9
23209,LUNCH BAG DOILEY PATTERN ,501,6556,10510.439999999999,1.7319161676646617,291,12
47590A,BLUE HAPPY BIRTHDAY BUNTING,391,1992,10502.649999999994,5.8636572890025604,229,17
23208,LUNCH BAG VINTAGE LEAF DESIGN,688,6342,10498.01000000001,1.9316279069767366,306,13
22992,REVOLVER WOODEN RULER ,359,5236,10379.840000000004,2.268718662952643,218,13
22169,FAMILY ALBUM WHITE PICTURE FRAME,373,1198,10354.260000000006,10.148418230563001,166,10
21914,BLUE HARMONICA IN BOX ,613,7879,10343.560000000001,1.4306525285481237,307,13
84997B,CHILDRENS CUTLERY RETROSPOT RED ,265,2634,10316.859999999999,4.493169811320753,158,15
84947,ANTIQUE SILVER TEA GLASS ENGRAVED,361,8706,10297.270000000002,1.4660110803324098,178,3
23582,VINTAGE DOILY JUMBO BAG RED ,266,4815,10233.45,2.212744360902255,187,10
22970,LONDON BUS COFFEE MUG,325,4367,10224.750000000004,2.7268923076923106,181,7
82600,NO SINGING METAL SIGN,501,4789,10195.859999999997,2.53654690618763,208,10
84997C,CHILDRENS CUTLERY POLKADOT BLUE,234,2583,10154.909999999996,4.405726495726494,151,18
22569,FELTCRAFT CUSHION BUTTERFLY,355,2765,10133.33,4.2707042253521115,193,9
21218,RED SPOTTY BISCUIT TIN,398,2433,10116.489999999996,5.909648241206029,131,15
22556,PLASTERS IN TIN CIRCUS PARADE ,581,6118,10070.110000000002,1.7852667814113616,306,21
22633,HAND WARMER UNION JACK,508,4867,10057.319999999992,2.194527559055122,301,4
22621,TRADITIONAL KNITTING NANCY,621,6150,10056.950000000008,1.8810466988727845,367,14
23171,REGENCY TEA PLATE GREEN ,383,6247,10051.990000000005,2.1284334203655355,196,14
48173C,DOORMAT BLACK FLOCK ,191,1802,10025.11,8.199633507853402,106,5
20679,EDWARDIAN PARASOL RED,327,1710,10021.419999999998,7.003669724770641,142,13
23076,ICE CREAM SUNDAE LIP GLOSS,278,8100,9965.760000000002,1.3499280575539567,203,16
22791,T-LIGHT GLASS FLUTED ANTIQUE,351,8027,9963.880000000003,1.5092592592592593,185,8
22690,DOORMAT HOME SWEET HOME BLUE ,289,1623,9959.599999999997,8.31173010380623,199,15
22619,SET OF 6 SOLDIER SKITTLES,454,2570,9921.290000000005,4.614977973568282,251,18
22654,DELUXE SEWING KIT ,331,1412,9898.95,7.7467069486404885,158,10
22555,PLASTERS IN TIN STRONGMAN,530,6023,9863.28,1.8486603773584933,295,20
22766,PHOTO FRAME CORNICE,517,3297,9843.589999999993,3.209284332688583,279,8
21314,SMALL GLASS HEART TRINKET POT,545,4252,9811.580000000009,2.837449541284405,216,8
22838,3 TIER CAKE TIN RED AND CREAM,168,689,9765.11,17.272142857142864,116,13
23240,SET OF 4 KNICK KNACK TINS DOILY ,363,2360,9759.679999999997,4.538154269972438,231,18
22561,WOODEN SCHOOL COLOURING SET,446,5888,9749.820000000007,1.7765919282511242,289,13
21559,STRAWBERRY LUNCH BOX WITH CUTLERY,588,3940,9748.130000000008,3.1148639455782328,234,16
22776,SWEETHEART CAKESTAND 3 TIER,378,959,9697.249999999993,11.180978835978859,253,12
22844,VINTAGE CREAM DOG FOOD CONTAINER,421,1006,9686.820000000009,10.812494061757725,177,13
22144,CHRISTMAS CRAFT LITTLE FRIENDS,560,4082,9681.180000000004,2.574267857142863,320,13
22560,TRADITIONAL MODELLING CLAY,390,8168,9602.320000000003,1.4219487179487178,230,7
23175,REGENCY MILK JUG PINK ,332,3164,9600.150000000001,3.8768975903614447,207,15
22978,PANTRY ROLLING PIN,239,2465,9568.730000000001,4.341757322175732,154,10
22456,NATURAL SLATE CHALKBOARD LARGE ,479,1731,9554.470000000001,6.666889352818381,221,4
35970,ZINC FOLKART SLEIGH BELLS,470,5070,9546.530000000017,2.408702127659575,271,11
22952,60 CAKE CASES VINTAGE CHRISTMAS,648,16055,9511.51999999999,0.7597067901234588,343,14
21174,POTTERING IN THE SHED METAL SIGN,547,4179,9413.82000000001,2.6916453382084073,226,3
84375,SET OF 20 KIDS COOKIE CUTTERS,531,4322,9404.150000000001,2.506723163841808,291,16
85150,LADIES & GENTLEMEN METAL SIGN,481,4039,9388.530000000002,3.072370062370064,197,10
21155,RED RETROSPOT PEG BAG,493,3157,9301.400000000005,3.1293306288032485,206,9
23319,BOX OF 6 MINI 50'S CRACKERS,419,3739,9266.83999999999,2.6480906921241107,301,15
22749,FELTCRAFT PRINCESS CHARLOTTE DOLL,469,2375,9264.91,4.107846481876332,276,14
22966,GINGERBREAD MAN COOKIE CUTTER,689,7448,9212.150000000005,1.4500725689404936,389,15
84991,60 TEATIME FAIRY CAKE CASES,863,18214,9183.719999999998,0.6865121668597919,415,17
23318,BOX OF 6 MINI VINTAGE CRACKERS,384,3811,9167.39,2.740338541666672,271,12
20972,PINK CREAM FELT CRAFT TRINKET BOX ,631,7362,9159.310000000003,1.4220760697305868,313,12
23080,RED METAL BOX TOP SECRET,264,1079,9158.870000000003,9.32689393939394,149,13
48116,DOORMAT MULTICOLOUR STRIPE,202,1492,9088.630000000005,9.659653465346537,89,6
22729,ALARM CLOCK BAKELIKE ORANGE,455,2326,9080.2,4.509406593406593,180,10
22771,CLEAR DRAWER KNOB ACRYLIC EDWARDIAN,454,6635,9050.440000000002,1.5626651982378856,169,10
22759,SET OF 3 NOTEBOOKS IN PARCEL,439,5445,9043.939999999997,2.042505694760822,254,18
22989,SET 2 PANTRY DESIGN TEA TOWELS,379,2815,9012.270000000002,3.6851187335092344,242,18
23439,HAND WARMER RED LOVE HEART,425,4027,8941.609999999997,2.2227529411764775,269,8
23322,LARGE WHITE HEART OF WICKER,583,3085,8925.409999999993,3.131646655231567,351,6
82582,AREA PATROLLED METAL SIGN,441,4367,8862.990000000002,2.394603174603172,177,7
21889,WOODEN BOX OF DOMINOES,605,6403,8862.290000000005,1.5736528925619835,337,12
22632,HAND WARMER RED RETROSPOT,387,4354,8770.429999999995,2.226744186046513,259,8
84945,MULTI COLOUR SILVER T-LIGHT HOLDER,353,10557,8754.630000000005,0.9517280453257781,209,7
22947,WOODEN ADVENT CALENDAR RED,137,746,8714.239999999998,13.112481751824824,82,10
22147,FELTCRAFT BUTTERFLY HEARTS,498,6230,8626.940000000002,1.6373092369477869,288,10
22652,TRAVEL SEWING KIT,473,5097,8620.320000000002,1.9653488372093015,264,20
22795,SWEETHEART RECIPE BOOK STAND,372,1212,8577.999999999998,8.107473118279568,171,9
23082,SET 6 PAPER TABLE LANTERN HEARTS ,307,2333,8577.510000000002,4.089087947882736,206,9
71459,HANGING JAM JAR T-LIGHT HOLDER,349,10792,8560.839999999986,0.9102578796561583,194,7
23078,ICE CREAM PEN LIP GLOSS ,257,6831,8553.34,1.4267315175097275,160,12
21035,SET/2 RED RETROSPOT TEA TOWELS ,401,2603,8549.850000000002,4.537581047381546,152,13
84378,SET OF 3 HEART COOKIE CUTTERS,696,6350,8540.900000000003,1.627011494252873,377,15
21484,CHICK GREY HOT WATER BOTTLE,420,1882,8535.52,5.149619047619047,206,8
23256,CHILDRENS CUTLERY SPACEBOY ,366,2079,8525.969999999996,4.468196721311467,226,19
23493,VINTAGE DOILY TRAVEL SEWING KIT,430,3970,8509.679999999991,2.153441860465117,283,14
23321,SMALL WHITE HEART OF WICKER,653,4737,8473.270000000008,1.7467228177641594,379,9
21213,PACK OF 72 SKULL CAKE CASES,677,15176,8418.439999999999,0.7949335302806498,296,17
21210,SET OF 72 RETROSPOT PAPER  DOILIES,457,5812,8374.190000000008,1.782713347921223,245,18
22768,FAMILY PHOTO FRAME CORNICE,262,868,8268.540000000005,10.956526717557262,185,7
72741,GRAND CHOCOLATECANDLE,295,5978,8225.000000000002,1.5980338983050855,196,14
22192,BLUE DINER WALL CLOCK,365,954,8189.290000000002,9.043780821917807,180,14
22725,ALARM CLOCK BAKELIKE CHOCOLATE,437,1984,8168.600000000002,4.7765446224256305,172,12
84380,SET OF 3 BUTTERFLY COOKIE CUTTERS,699,5805,8161.460000000004,1.7151072961373384,326,15
22655,VINTAGE RED KITCHEN CABINET,38,60,8125.0,143.42105263157896,34,3
22667,RECIPE BOX RETROSPOT ,477,2901,8101.15,3.0362893081760967,234,13
22900, SET 2 TEA TOWELS I LOVE LONDON ,279,2789,8100.049999999999,3.548028673835128,132,7
71053,WHITE METAL LANTERN,319,1880,8056.52,4.654890282131662,146,4
22909,SET OF 20 VINTAGE CHRISTMAS NAPKINS,633,8987,8050.529999999985,0.9888941548183237,369,12
21121,SET/10 RED POLKADOT PARTY CANDLES,388,6634,8033.85,1.3695876288659794,239,16
22616,PACK OF 12 LONDON TISSUES ,529,26339,7980.920000000002,0.4464839319470696,196,7
22940,FELTCRAFT CHRISTMAS FAIRY,334,1930,7953.999999999999,4.542814371257485,241,15
21770,OPEN CLOSED METAL SIGN,391,1641,7938.779999999999,5.521508951406658,264,17
22487,WHITE WOOD GARDEN PLANT LADDER,430,785,7919.230000000007,10.868860465116297,279,12
22352,LUNCH BOX WITH CUTLERY RETROSPOT ,489,3093,7873.720000000001,3.314028629856853,186,12
22968,ROSE COTTAGE KEEPSAKE BOX ,190,795,7861.929999999998,11.965473684210542,119,12
21136,PAINTED METAL PEARS ASSORTED,380,4709,7830.319999999996,1.8050789473684195,260,10
23238,SET OF 4 KNICK KNACK TINS LONDON ,285,1862,7825.560000000008,4.737368421052626,151,13
22557,PLASTERS IN TIN VINTAGE PAISLEY ,585,4721,7777.09,1.8963418803418814,316,20
22173,METAL 4 HOOK HANGER FRENCH CHATEAU,500,2446,7773.699999999991,3.8344800000000054,211,8
23007, SPACEBOY BABY GIFT SET,185,499,7758.699999999999,15.919027027027035,111,13
21908,CHOCOLATE THIS WAY METAL SIGN,475,3773,7756.4200000000055,2.532884210526315,221,11
23204,CHARLOTTE BAG APPLES DESIGN,586,7976,7741.940000000004,1.1219453924914653,200,11
48111,DOORMAT 3 SMILEY CATS,237,1176,7732.93,9.559957805907176,112,7
21258,VICTORIAN SEWING BOX LARGE,164,535,7674.799999999997,17.072500000000005,62,5
84970S,HANGING HEART ZINC T-LIGHT HOLDER,540,8905,7672.409999999995,1.1395555555555539,272,9
84406B,CREAM CUPID HEARTS COAT HANGER,287,2016,7657.32,4.3110452961672445,134,5
84949,SILVER HANGING T-LIGHT HOLDER,294,4801,7642.440000000003,1.8603061224489816,166,3
21231,SWEETHEART CERAMIC TRINKET BOX,514,6063,7628.5300000000025,1.5689299610894947,216,14
22991,GIRAFFE WOODEN RULER,281,3889,7608.790000000006,2.2713523131672586,186,10
21955,DOORMAT UNION JACK GUNS AND ROSES,210,1230,7597.020000000003,9.158476190476193,109,6
22750,FELTCRAFT PRINCESS LOLA DOLL,426,2020,7563.08,4.054037558685446,248,16
22585,PACK OF 6 BIRDY GIFT TAGS,417,6233,7561.640000000001,1.4672422062350123,242,15
22627,MINT KITCHEN SCALES,366,863,7547.390000000002,9.371366120218578,194,17
21668,RED STRIPE CERAMIC DRAWER KNOB,448,5528,7527.6600000000035,1.6665848214285706,170,12
22367,CHILDRENS APRON SPACEBOY DESIGN,561,3758,7520.280000000002,2.4117290552584616,299,17
22381,TOY TIDY PINK POLKADOT,475,3441,7437.940000000005,3.016378947368422,134,10
84836,ZINC METAL HEART DECORATION,550,5944,7426.8200000000015,1.3636727272727276,312,11
22741,FUNKY DIVA PEN,234,8547,7363.859999999999,1.1079059829059834,108,8
23382,BOX OF 6 CHRISTMAS CAKE DECORATIONS,221,1875,7356.180000000006,4.660950226244347,137,12
21169,YOU'RE CONFUSING ME METAL SIGN ,464,4424,7320.360000000008,2.2363793103448253,192,8
23083,SET 6 PAPER TABLE LANTERN STARS ,250,1933,7254.6500000000015,4.234640000000001,162,7
23240,SET OF 4 KNICK KNACK TINS DOILEY ,186,1820,7252.940000000002,4.259892473118274,143,18
20969,RED FLORAL FELTCRAFT SHOULDER BAG,308,1962,7236.93,4.265194805194804,158,6
22631,CIRCUS PARADE LUNCH BOX ,406,3684,7207.370000000004,2.6035467980295532,169,16
22634,CHILDS BREAKFAST SET SPACEBOY ,227,766,7191.150000000005,10.308149779735682,156,14
22485,SET OF 2 WOODEN MARKET CRATES,208,526,7190.35,15.007980769230771,143,10
22553,PLASTERS IN TIN SKULLS,586,4293,7176.669999999997,1.963412969283278,282,20
22767,TRIPLE PHOTO FRAME CORNICE ,218,774,7173.550000000002,10.272889908256882,153,6
21787,RAIN PONCHO RETROSPOT,249,8878,7163.650000000003,1.0523694779116468,116,10
22834,HAND WARMER BABUSHKA DESIGN,379,4970,7136.229999999997,2.2241424802110847,200,8
21669,BLUE STRIPE CERAMIC DRAWER KNOB,441,5285,7136.000000000002,1.5910430839002259,168,14
22637,PIGGY BANK RETROSPOT ,334,2766,7121.38,3.0983233532934165,189,12
21259,VICTORIAN SEWING BOX SMALL ,287,1184,7106.950000000004,7.006376306620209,134,6
22505,MEMO BOARD COTTAGE DESIGN,317,1461,7104.219999999999,5.6564668769716056,187,13
23320,GIANT 50'S CHRISTMAS CRACKER,344,2668,7072.159999999998,2.802383720930226,261,9
21912,VINTAGE SNAKES & LADDERS,401,1792,7062.700000000003,4.908478802992516,202,10
22950,36 DOILIES VINTAGE CHRISTMAS,178,5172,7061.729999999987,1.5780337078651647,152,8
22663,JUMBO BAG DOLLY GIRL DESIGN,452,3420,7053.280000000003,2.574646017699114,172,10
C2,CARRIAGE,141,142,7051.0,49.87943262411348,30,4
22333,RETROSPOT PARTY BAG + STICKER SET,322,4494,7047.240000000001,1.8763975155279518,168,16
22946,WOODEN ADVENT CALENDAR CREAM,139,454,7047.170000000002,18.149568345323754,65,7
23215,JINGLE BELL HEART ANTIQUE SILVER,216,3567,7044.640000000005,2.259074074074076,163,4
22839,3 TIER CAKE TIN GREEN AND CREAM,204,447,7011.570000000003,18.563333333333343,108,9
23293,SET OF 12 FAIRY CAKE BAKING CASES,562,8486,7001.989999999996,1.061832740213524,324,18
22170,PICTURE FRAME WOOD TRIPLE PORTRAIT,265,1068,6977.599999999999,7.740037735849057,143,6
21922,UNION STRIPE WITH FRINGE  HAMMOCK,211,900,6952.309999999999,9.137677725118493,114,6
21877,HOME SWEET HOME MUG,355,5418,6942.330000000001,1.7151267605633813,175,11
21165,BEWARE OF THE CAT METAL SIGN ,457,4156,6939.080000000005,2.1548577680525143,179,13
21094,SET/6 RED SPOTTY PAPER PLATES,532,8758,6933.260000000003,0.9860338345864648,180,16
22109,FULL ENGLISH BREAKFAST PLATE,302,1643,6928.6500000000015,5.468741721854301,101,8
22840,ROUND CAKE TIN VINTAGE RED,274,916,6927.640000000004,8.3614598540146,194,14
21257,VICTORIAN SEWING BOX MEDIUM,263,689,6909.369999999999,11.250000000000002,101,6
22294,HEART FILIGREE DOVE  SMALL,314,5534,6901.330000000001,1.4488216560509557,163,5
21326,AGED GLASS SILVER T-LIGHT HOLDER,350,10583,6890.47,0.8180857142857141,169,5
22900,SET 2 TEA TOWELS I LOVE LONDON ,274,2130,6875.880000000004,3.9024817518248165,112,7
84997A,CHILDRENS CUTLERY POLKADOT GREEN ,186,1728,6864.419999999998,4.607849462365591,115,15
22580,ADVENT CALENDAR GINGHAM SACK,249,1317,6860.089999999998,5.707309236947791,128,12
75049L,LARGE CIRCULAR MIRROR MOBILE,211,7114,6827.98,1.6716587677725114,72,1
21672,WHITE SPOT RED CERAMIC DRAWER KNOB,419,5022,6815.900000000003,1.6859427207637223,160,11
23297,SET 40 HEART SHAPE PETIT FOUR CASES,163,4303,6792.229999999997,1.838957055214725,124,14
22620,4 TRADITIONAL SPINNING TOPS,496,4895,6789.460000000006,1.6548185483870954,261,16
22943,CHRISTMAS LIGHTS 10 VINTAGE BAUBLES,211,1361,6785.169999999999,6.251800947867297,129,7
23254,CHILDRENS CUTLERY DOLLY GIRL ,299,1674,6782.759999999996,4.267926421404676,198,21
23541,WALL ART CLASSIC PUDDINGS ,150,864,6762.710000000003,9.736866666666668,96,4
23008,DOLLY GIRL BABY GIFT SET,135,435,6753.510000000001,16.138296296296303,100,15
23480,MINI LIGHTS WOODLAND MUSHROOMS,221,1801,6726.640000000003,4.4025791855203655,144,16
23247,BISCUIT TIN 50'S CHRISTMAS,315,2206,6715.929999999999,3.2805079365079295,232,13
22668,PINK BABY BUNTING,348,2190,6710.419999999996,4.112298850574712,163,17
21533,RETROSPOT LARGE MILK JUG,350,1361,6701.22,5.2932,210,11
85014A,BLACK/BLUE POLKADOT UMBRELLA,279,1164,6684.670000000001,6.485985663082434,184,11
21871,SAVE THE PLANET MUG,362,5454,6681.209999999998,1.8124033149171275,134,8
84988,SET OF 72 PINK HEART PAPER DOILIES,512,4312,6672.700000000006,2.1457421874999976,210,17
21888,BINGO SET,382,1693,6667.040000000002,4.694895287958113,211,11
20718,RED RETROSPOT SHOPPER BAG,581,4776,6613.039999999999,1.7756454388984515,237,15
84992,72 SWEETHEART FAIRY CAKE CASES,646,13360,6555.330000000003,0.6818266253869962,326,17
23229,VINTAGE DONKEY TAIL GAME ,252,1815,6550.170000000002,4.2522619047619035,183,14
22508,DOORSTOP RETROSPOT HEART,300,1599,6544.630000000001,4.553733333333333,178,9
82486,3 DRAWER ANTIQUE WHITE WOOD CABINET,208,742,6529.540000000008,9.28692307692309,130,5
21122,SET/10 PINK POLKADOT PARTY CANDLES,355,5331,6496.040000000001,1.3712676056338027,215,13
23311,VINTAGE CHRISTMAS STOCKING ,347,2390,6488.200000000006,2.965677233429398,247,12
84946,ANTIQUE SILVER TEA GLASS ETCHED,223,4558,6478.01,1.6141255605381153,118,3
22141,CHRISTMAS CRAFT TREE TOP ANGEL,469,2796,6474.2899999999945,2.596801705756934,257,11
23103,JINGLE BELL HEART DECORATION,374,3828,6472.359999999997,1.8457219251336892,224,6
22804,CANDLEHOLDER PINK HANGING HEART,411,2262,6471.24,3.1522141119221394,223,10
23553,LANDMARK FRAME CAMDEN TOWN ,69,569,6457.150000000001,13.290579710144932,51,1
84030E,ENGLISH ROSE HOT WATER BOTTLE,344,1506,6452.94,4.93343023255814,199,10
20676,RED RETROSPOT BOWL,456,5076,6441.060000000003,1.6275657894736844,186,17
23571,TRADITIONAL NAUGHTS & CROSSES,268,2859,6436.610000000005,1.886716417910442,196,9
23134,LARGE ZINC HEART WALL ORGANISER,38,1065,6431.110000000001,7.9068421052631574,30,2
22635,CHILDS BREAKFAST SET DOLLY GIRL ,196,682,6422.280000000003,10.365969387755097,144,15
84970L,SINGLE HEART ZINC T-LIGHT HOLDER,459,6065,6412.770000000004,1.3049237472766873,235,11
22784,LANTERN CREAM GAZEBO ,309,1281,6405.539999999999,5.661391585760514,193,10
22979,PANTRY WASHING UP BRUSH,390,4097,6401.970000000003,1.8118205128205112,226,15
23307,SET OF 60 PANTRY DESIGN CAKE CASES ,654,12063,6379.589999999998,0.6812844036697251,367,19
23172,REGENCY TEA PLATE PINK,306,3871,6360.910000000002,2.0664705882352954,161,14
22303,COFFEE MUG APPLES DESIGN,263,2822,6353.549999999996,2.761558935361218,156,7
22895,SET OF 2 TEA TOWELS APPLE AND PEARS,291,2063,6349.950000000002,3.594673539518898,164,13
22151,PLACE SETTING WHITE HEART,340,15150,6332.289999999996,0.5775000000000009,175,8
21154,RED RETROSPOT OVEN GLOVE ,459,4035,6321.760000000002,1.944553376906318,176,14
21380,WOODEN HAPPY BIRTHDAY GARLAND,293,2168,6316.360000000002,3.484470989761088,139,14
21935,SUKI  SHOULDER BAG,531,3393,6298.610000000001,2.336911487758943,122,12
22826,LOVE SEAT ANTIQUE WHITE METAL,41,58,6210.0,114.02439024390245,33,3
23169,CLASSIC GLASS COOKIE JAR,304,1445,6191.690000000004,4.733848684210519,192,8
23192,BUNDLE OF 3 ALPHABET EXERCISE BOOKS,357,3533,6142.289999999999,1.7722408963585465,225,11
21670,BLUE SPOT CERAMIC DRAWER KNOB,382,4372,6141.290000000001,1.6993717277486904,159,10
21975,PACK OF 60 DINOSAUR CAKE CASES,638,12340,6117.910000000002,0.6237147335423183,288,19
23118,PARISIENNE JEWELLERY DRAWER ,258,813,6102.180000000001,8.390465116279069,155,9
21156,RETROSPOT CHILDRENS APRON,361,3171,6093.050000000002,2.3737119113573386,203,16
21671,RED SPOT CERAMIC DRAWER KNOB,374,4421,6078.540000000001,1.723502673796791,165,14
21673,WHITE SPOT BLUE CERAMIC DRAWER KNOB,376,4396,6071.75,1.6744148936170218,155,11
47591D,PINK FAIRY CAKE CHILDRENS APRON,443,3211,6060.25,2.1560045146726825,251,16
47556B,TEA TIME TEA TOWELS ,2,2600,6045.0,2.325,1,1
23534,WALL ART STOP FOR TEA ,221,870,6042.1500000000015,7.858868778280555,132,8
17003,BROCADE RING PURSE ,242,23056,6036.39,0.36309917355371896,137,4
22366,DOORMAT AIRMAIL ,223,803,6034.9000000000015,9.680313901345293,105,12
22174,PHOTO CUBE,331,3239,6013.430000000002,2.5795166163142,105,7
21535,RED RETROSPOT SMALL MILK JUG,353,2497,6011.509999999994,2.755014164305952,205,9
48129,DOORMAT TOPIARY,206,904,6009.840000000002,8.774320388349514,126,9
23296,SET OF 6 TEA TIME BAKING CASES,383,4981,5988.049999999998,1.5235248041775458,244,16
23535,WALL ART BICYCLE SAFETY,178,850,5983.900000000006,7.80657303370788,103,6
23312,VINTAGE CHRISTMAS GIFT SACK,219,1424,5968.299999999996,4.450913242009125,169,7
22783,SET 3 WICKER OVAL BASKETS W LIDS,33,463,5961.25,14.623939393939388,30,4
23052,RECYCLED ACAPULCO MAT TURQUOISE,278,654,5949.340000000002,9.784460431654681,148,15
22150,3 STRIPEY MICE FELTCRAFT,479,3030,5925.390000000007,2.270918580375779,289,12
23154,SET OF 4 JAM JAR MAGNETS,249,2732,5907.360000000002,2.202891566265062,142,16
23113,PANTRY CHOPPING BOARD,57,1154,5868.500000000003,6.36175438596491,40,10
22971,QUEENS GUARD COFFEE MUG,274,2431,5849.289999999996,2.7821167883211695,165,6
23485,BOTANICAL GARDENS WALL CLOCK ,83,262,5843.919999999998,24.791807228915655,71,5
22207,FRYING PAN UNION FLAG,209,1334,5837.839999999999,6.171244019138756,69,5
22751,FELTCRAFT PRINCESS OLIVIA DOLL,294,1566,5812.72,4.232619047619047,185,14
22796,PHOTO FRAME 3 CLASSIC HANGING,235,584,5807.350000000001,10.459787234042556,147,7
22779,WOODEN OWLS LIGHT GARLAND ,154,1540,5802.6,4.184805194805195,89,11
22740,POLKADOT PEN,170,6842,5793.620000000001,1.1349411764705872,90,9
22365,DOORMAT RESPECTABLE HOUSE,183,793,5762.280000000001,9.75344262295082,84,11
84997B,RED 3 PIECE RETROSPOT CUTLERY SET,109,1580,5729.110000000003,4.071467889908252,81,11
62018,SOMBRERO ,61,4415,5716.849999999999,1.8122950819672132,40,3
21242,RED RETROSPOT PLATE ,307,3376,5704.779999999999,2.081758957654722,149,16
22646,CERAMIC STRAWBERRY CAKE MONEY BANK,397,4170,5695.77,2.0411335012594427,186,10
22907,PACK OF 20 NAPKINS PANTRY DESIGN,703,6587,5681.900000000006,0.9877809388335673,358,16
22088,PAPER BUNTING COLOURED LACE,240,1893,5661.049999999997,3.589833333333332,116,9
22837,HOT WATER BOTTLE BABUSHKA ,186,1166,5625.379999999999,5.564999999999993,108,5
22418,10 COLOUR SPACEBOY PEN,319,6564,5585.450000000004,1.0559561128526642,180,13
22488,NATURAL SLATE RECTANGLE CHALKBOARD,418,3196,5575.329999999995,2.0705502392344513,212,6
21558,SKULL LUNCH BOX WITH CUTLERY ,423,2138,5568.069999999998,3.3626241134751806,168,11
22798,ANTIQUE GLASS DRESSING TABLE POT,268,1799,5564.249999999998,3.778208955223877,127,5
23531,WALL ART BIG LOVE ,114,979,5559.109999999996,7.655438596491226,78,4
22429,ENAMEL MEASURING JUG CREAM,387,1272,5549.679999999999,4.834341085271318,228,6
23177,TREASURE ISLAND BOOK BOX,273,2535,5528.039999999999,2.697106227106228,175,16
23133,LARGE IVORY HEART WALL ORGANISER,155,782,5525.4000000000015,9.162451612903226,95,4
22464,HANGING METAL HEART LANTERN,360,3427,5519.419999999996,1.930555555555558,192,6
23158,SET OF 5 LUCKY CAT MAGNETS ,257,2635,5517.990000000005,2.670194552529184,97,11
23583,LUNCH BAG PAISLEY PARK  ,338,3395,5513.829999999998,1.7993491124260257,234,8
22964,3 PIECE SPACEBOY COOKIE CUTTER SET,384,2628,5481.090000000001,2.527213541666665,217,14
22904,CALENDAR PAPER CUT DESIGN,278,1838,5479.060000000004,3.3472661870503555,163,13
22297,HEART IVORY TRELLIS SMALL,389,4171,5468.660000000003,1.738971722365039,158,6
23135,SMALL ZINC HEART WALL ORGANISER,45,1541,5416.18,5.675777777777777,32,1
22827,RUSTIC  SEVENTEEN DRAWER SIDEBOARD,26,35,5415.0,158.07692307692307,21,3
23205,CHARLOTTE BAG VINTAGE ALPHABET ,450,5459,5407.580000000002,1.1629777777777752,193,10
22584,PACK OF 6 PANNETONE GIFT BOXES,181,2100,5405.979999999999,3.0925966850828743,118,11
22845,VINTAGE CREAM CAT FOOD CONTAINER,318,803,5403.280000000003,7.84191823899372,156,14
22349,DOG BOWL CHASING BALL DESIGN,133,1368,5389.0199999999995,4.126992481203008,86,6
23494,VINTAGE DOILY DELUXE SEWING KIT ,208,813,5377.809999999996,6.804567307692323,146,13
21172,PARTY METAL SIGN ,480,3491,5345.880000000007,2.0122708333333295,237,8
22998,TRAVEL CARD WALLET KEEP CALM,546,12490,5314.9,0.49617216117216195,218,6
22120,WELCOME  WOODEN BLOCK LETTERS,191,526,5276.940000000002,10.983141361256548,122,6
22296,HEART IVORY TRELLIS LARGE,332,3156,5274.119999999996,1.8760843373494,190,8
22623,BOX OF VINTAGE JIGSAW BLOCKS ,238,940,5248.209999999999,6.180588235294112,166,12
84997D,PINK 3 PIECE POLKADOT CUTLERY SET,115,1437,5234.560000000002,4.105304347826082,83,10
22848,BREAD BIN DINER STYLE PINK,129,324,5225.4,18.20224806201551,69,12
23132,SMALL IVORY HEART WALL ORGANISER,155,1034,5219.1,6.213032258064515,116,4
22772,PINK DRAWER KNOB ACRYLIC EDWARDIAN,262,3869,5211.700000000001,1.6602290076335875,85,7
22781,GUMBALL MAGAZINE RACK,233,622,5198.66,9.826437768240337,119,8
22665,RECIPE BOX BLUE SKETCHBOOK DESIGN,362,1524,5195.030000000003,3.9936740331491687,164,9
23263,SET OF 3 WOODEN HEART DECORATIONS,487,3893,5184.690000000002,1.44271047227926,270,11
22689,DOORMAT MERRY CHRISTMAS RED ,148,676,5176.250000000002,10.129121621621623,95,7
22898,CHILDRENS APRON APPLES DESIGN,372,2426,5174.320000000002,2.5535752688172013,202,11
21844,RED RETROSPOT MUG,158,1848,5170.640000000001,3.3102531645569617,100,10
23157,SET OF 6 NATIVITY MAGNETS ,172,2810,5170.100000000002,2.3445930232558156,112,11
21428,SET3 BOOK BOX GREEN GINGHAM FLOWER ,263,1208,5167.879999999999,5.433764258555135,118,14
21164,HOME SWEET HOME METAL SIGN ,286,1768,5161.880000000003,3.2902097902097864,167,12
23165,LARGE CERAMIC TOP STORAGE JAR,286,3118,5147.659999999996,1.9743356643356662,168,9
23162,REGENCY TEA STRAINER,176,1412,5143.690000000001,4.422272727272728,97,9
22302,COFFEE MUG PEARS  DESIGN,214,2330,5136.8399999999965,2.725747663551402,135,6
37449,CERAMIC CAKE STAND + HANGING CAKES,155,564,5127.240000000002,9.906774193548385,107,11
22595,GINGHAM HEART DECORATION,422,6152,5125.460000000001,1.007725118483411,252,11
23397,FOOT STOOL HOME SWEET HOME ,217,489,5097.650000000004,11.573870967741955,140,7
21098,CHRISTMAS TOILET ROLL,269,3731,5093.759999999998,1.6802602230483272,116,6
22371,AIRLINE BAG VINTAGE TOKYO 78,403,1100,5093.570000000001,5.158263027295285,145,10
21756,BATH BUILDING BLOCK WORD,284,823,5089.560000000002,6.589366197183099,169,12
23234,BISCUIT TIN VINTAGE CHRISTMAS,281,1941,5088.449999999999,3.363701067615653,202,12
23126,FELTCRAFT GIRL AMELIE KIT,282,1012,5083.889999999999,5.394574468085101,188,11
23295,SET OF 12 MINI LOAF BAKING CASES,455,6140,5078.4299999999985,1.1086593406593424,251,15
23198,PANTRY MAGNETIC  SHOPPING LIST,489,3346,5068.400000000005,1.7967280163599153,260,15
23109,PACK OF SIX LED TEA LIGHTS,210,1766,5048.7199999999975,3.2551904761904704,133,5
22780,LIGHT GARLAND BUTTERFILES PINK,134,1346,5044.34,4.1853731343283584,83,8
23314,VINTAGE CHRISTMAS TABLECLOTH,119,409,5037.960000000001,13.598571428571429,88,5
22301,COFFEE MUG CAT + BIRD DESIGN,259,2228,5031.829999999998,3.1397683397683407,124,9
21907,I'M ON HOLIDAY METAL SIGN,370,2373,5031.380000000003,2.29935135135135,209,9
22957,SET 3 PAPER VINTAGE CHICK PAPER EGG,219,1778,5023.499999999992,3.1132876712328716,180,14
22271,FELTCRAFT DOLL ROSIE,308,1706,5022.100000000004,3.37350649350649,182,13
22636,CHILDS BREAKFAST SET CIRCUS PARADE,199,596,5009.56,8.882713567839195,142,15
23543,WALL ART KEEP CALM ,86,968,5003.040000000001,8.663604651162789,65,6
21932,SCANDINAVIAN PAISLEY PICNIC BAG,454,2724,5001.980000000005,2.066167400881054,219,13
22849,BREAD BIN DINER STYLE MINT,130,321,5001.83,16.93307692307694,80,11
23310,BUBBLEGUM RING ASSORTED,246,12050,4997.279999999995,0.4780487804878054,147,10
23556,LANDMARK FRAME COVENT GARDEN ,56,439,4974.51,12.611785714285716,47,2
21933,PINK VINTAGE PAISLEY PICNIC BAG,421,2676,4964.030000000004,2.064821852731589,199,12
22142,CHRISTMAS CRAFT WHITE FAIRY ,389,3250,4950.540000000003,1.7481491002570673,260,11
23570,TRADITIONAL PICK UP STICKS GAME ,293,2782,4944.370000000004,1.426791808873719,204,8
84212,"ASSORTED FLOWER COLOUR ""LEIS""",111,10315,4934.87,0.8927927927927923,73,6
22110,BIRD HOUSE HOT WATER BOTTLE,289,1173,4914.690000000001,4.046262975778552,117,7
21937,STRAWBERRY   PICNIC BAG,253,1708,4901.8,3.4037549407114622,147,13
22748,POPPY'S PLAYHOUSE KITCHEN,447,2125,4897.629999999999,2.4748322147651,234,15
23010,CIRCUS PARADE BABY GIFT SET,112,316,4896.550000000001,16.302410714285717,74,11
23351,ROLL WRAP 50'S CHRISTMAS,361,3539,4880.650000000003,1.5081440443213285,243,10
21124,SET/10 BLUE POLKADOT PARTY CANDLES,246,4015,4868.05,1.2974796747967479,181,13
23503,PLAYING CARDS KEEP CALM & CARRY ON,345,3646,4864.3,1.2790434782608695,285,8
21086,SET/6 RED SPOTTY PAPER CUPS,439,7137,4861.9,0.9575626423690213,168,16
21033,JUMBO BAG CHARLIE AND LOLA TOYS,301,1933,4853.810000000004,3.1991694352159423,76,5
21390,FILIGRIS HEART WITH BUTTERFLY,221,3906,4851.880000000001,1.4702262443438912,121,3
21876,POTTERING MUG,336,3796,4834.509999999998,2.088184523809524,142,3
23554,LANDMARK FRAME OXFORD STREET,59,424,4830.530000000001,13.028474576271188,50,2
23555,LANDMARK FRAME NOTTING HILL ,54,424,4818.070000000001,12.875370370370373,46,2
22549,PICTURE DOMINOES,363,3189,4799.83,1.978181818181817,196,11
23159,SET OF 5 PANCAKE DAY MAGNETS,230,2321,4771.760000000001,2.3136521739130456,122,19
23184,BULL DOG BOTTLE OPENER,266,874,4764.5,6.4533082706766915,130,9
84050,PINK HEART SHAPE EGG FRYING PAN,262,3234,4761.780000000007,2.1594656488549613,140,12
21539,RED RETROSPOT BUTTER DISH,243,975,4758.750000000001,5.447695473251022,124,8
22243,5 HOOK HANGER RED MAGIC TOADSTOOL,134,3099,4753.290000000001,1.9241044776119418,72,9
23569,TRADTIONAL ALPHABET STAMP SET,202,961,4752.310000000003,5.292970297029721,153,11
20677,PINK POLKADOT BOWL,339,3676,4749.84,1.6477876106194687,134,16
23286,BLUE VINTAGE SPOT BEAKER,222,5048,4747.620000000001,1.0300900900900893,126,14
23558,LANDMARK FRAME LONDON BRIDGE ,55,418,4741.37,13.091272727272727,44,2
20979,36 PENCILS TUBE RED RETROSPOT,329,3739,4729.980000000001,1.584620060790273,165,12
23389,SPACEBOY MINI BACKPACK,240,1109,4726.589999999998,4.529749999999993,158,13
22645,CERAMIC HEART FAIRY CAKE MONEY BANK,359,2364,4721.729999999999,2.255376044568242,162,5
22082,RIBBON REEL STRIPES DESIGN ,427,2713,4716.33,1.9760187353629997,251,9
23241,TREASURE TIN GYMKHANA DESIGN,374,2184,4709.070000000004,2.47644385026738,184,16
23176,ABC TREASURE BOOK BOX ,229,2167,4697.58,2.6596069868995635,160,17
82001S,VINYL RECORD FRAME SILVER,102,1295,4682.45,4.2237254901960775,46,3
82552,WASHROOM METAL SIGN,371,3016,4680.630000000001,1.6557681940700801,185,8
22721,SET OF 3 CAKE TINS SKETCHBOOK,300,1022,4678.710000000001,5.383299999999995,184,12
22745,POPPY'S PLAYHOUSE BEDROOM ,433,2029,4678.590000000001,2.538060046189376,217,15
22504,CABIN BAG VINTAGE RETROSPOT,68,247,4674.620000000001,22.484117647058824,32,8
22606,WOODEN SKITTLES GARDEN SET,145,315,4670.360000000001,16.466620689655176,111,7
47599A,PINK PARTY BAGS,167,2456,4649.499999999998,2.2805988023952075,103,12
22295,HEART FILIGREE DOVE LARGE,260,2807,4643.669999999996,1.901653846153848,156,3
22628,PICNIC BOXES SET OF 3 RETROSPOT ,192,966,4625.8600000000015,5.663593749999997,86,15
22775,PURPLE DRAWERKNOB ACRYLIC EDWARDIAN,254,3227,4621.87,1.7203543307086608,80,9
21833,CAMOUFLAGE LED TORCH,168,2726,4594.429999999999,2.1093452380952376,88,5
23285,PINK VINTAGE SPOT BEAKER,192,4807,4572.410000000001,1.0670312499999997,109,14
22417,PACK OF 60 SPACEBOY CAKE CASES,533,8426,4566.540000000002,0.7649530956848017,271,21
23404,HOME SWEET HOME BLACKBOARD,169,1011,4561.760000000002,6.020887573964494,105,7
23275,SET OF 3 HANGING OWLS OLLIE BEAK,341,3749,4557.970000000001,1.4692375366568915,172,11
82551,LAUNDRY 15C METAL SIGN,353,2918,4542.890000000002,1.7629745042492915,157,6
20974,12 PENCILS SMALL TUBE SKULL,367,6983,4531.98,0.7512261580381474,196,9
23309,SET OF 60 I LOVE LONDON CAKE CASES ,430,8332,4527.200000000001,0.7388372093023247,179,8
23163,REGENCY SUGAR TONGS,209,1832,4515.220000000003,3.3292344497607673,96,7
23112,PARISIENNE CURIO CABINET,242,547,4514.580000000002,9.160330578512395,135,12
22938,CUPCAKE LACE PAPER SET 6,188,2367,4488.630000000001,2.0931914893617027,161,12
21934,SKULL SHOULDER BAG,412,2421,4480.279999999999,2.1406310679611638,86,8
23167,SMALL CERAMIC TOP STORAGE JAR ,238,5847,4476.010000000003,1.0025210084033604,130,11
84987,SET OF 36 TEATIME PAPER DOILIES,336,3053,4474.0700000000015,1.9802976190476174,202,14
21906,PHARMACIE FIRST AID TIN,174,581,4470.809999999999,9.662068965517241,72,16
22942,CHRISTMAS LIGHTS 10 SANTAS ,154,609,4469.040000000001,8.338701298701306,112,6
22089,PAPER BUNTING VINTAGE PAISLEY,276,1448,4460.380000000004,3.4879347826086926,143,8
23288,GREEN VINTAGE SPOT BEAKER,186,4625,4444.2300000000005,1.0418817204301074,108,12
23530,WALL ART ONLY ONE PERSON ,87,1056,4436.27,5.577586206896549,60,5
22626,BLACK KITCHEN SCALES,206,526,4427.360000000001,8.981359223300972,135,16
20975,12 PENCILS SMALL TUBE RED RETROSPOT,370,6640,4387.820000000001,0.7369189189189195,232,12
15056P,EDWARDIAN PARASOL PINK,146,778,4366.8200000000015,6.346712328767119,88,9
23349,ROLL WRAP VINTAGE CHRISTMAS,348,3231,4355.100000000002,1.538448275862068,215,8
84997C,BLUE 3 PIECE POLKADOT CUTLERY SET,102,1201,4346.2699999999995,3.9163725490196035,81,11
22327,ROUND SNACK BOXES SET OF 4 SKULLS,300,1180,4336.700000000002,4.269066666666663,107,11
16014,SMALL CHINESE STYLE SCISSOR,54,13328,4335.76,0.4014814814814814,34,5
84692,BOX OF 24 COCKTAIL PARASOLS,600,7915,4329.480000000001,0.670666666666667,210,9
22899,CHILDREN'S APRON DOLLY GIRL ,317,2071,4328.5300000000025,2.4340378548895867,191,15
21498,RED RETROSPOT WRAP ,337,10551,4322.42,0.41804154302670715,239,14
21892,TRADITIONAL WOODEN CATCH CUP GAME ,422,3196,4322.16,1.6017535545023698,236,10
23168,CLASSIC CAFE SUGAR DISPENSER,331,3076,4312.600000000001,1.7969184290030211,133,8
23050,RECYCLED ACAPULCO MAT GREEN,205,497,4286.550000000001,9.22326829268293,117,12
22723,SET OF 6 HERB TINS SKETCHBOOK,303,1169,4282.57,4.295412541254122,171,10
22694,WICKER STAR ,415,1846,4260.12,2.5450120481927727,229,4
20970,PINK FLORAL FELTCRAFT SHOULDER BAG,264,1117,4235.880000000001,4.1919696969696965,142,8
22661,CHARLOTTE BAG DOLLY GIRL DESIGN,421,5214,4231.950000000002,0.9764845605700698,173,13
22061,LARGE CAKE STAND  HANGING STRAWBERY,147,583,4228.01,10.287278911564623,87,7
23089,GLASS BON BON JAR,229,2355,4217.729999999998,2.3782969432314403,102,6
22801,ANTIQUE GLASS PEDESTAL BOWL,226,1030,4215.139999999999,4.720442477876105,124,7
23012,GLASS APOTHECARY BOTTLE PERFUME,251,1074,4208.959999999999,4.621792828685256,152,11
23144,ZINC T-LIGHT HOLDER STARS SMALL,275,5089,4197.830000000004,0.9436727272727262,181,10
22550,HOLIDAY FUN LUDO,220,1165,4194.889999999999,4.380863636363637,137,12
20682,RED RETROSPOT CHILDRENS UMBRELLA,242,1245,4190.83,3.9654958677685945,139,11
22813,PACK 3 BOXES BIRD PANNETONE ,187,2168,4188.940000000001,2.517272727272726,111,10
23110,PARISIENNE KEY CABINET ,257,702,4158.68,6.658793774319066,158,12
72760B,VINTAGE CREAM 3 BASKET CAKE STAND,154,410,4155.340000000001,11.095454545454542,105,7
21874,GIN AND TONIC MUG,297,2981,4149.9299999999985,2.009057239057239,111,7
22649,STRAWBERRY FAIRY CAKE TEAPOT,210,801,4147.73,5.934714285714283,87,11
23486,ANTIQUE HEART SHELF UNIT,74,275,4145.469999999999,17.812702702702705,65,4
22596,CHRISTMAS STAR WISH LIST CHALKBOARD,268,3502,4142.919999999999,1.298582089552237,197,7
23283,DOORMAT VINTAGE LEAF,142,564,4122.199999999999,9.177535211267605,101,7
22841,ROUND CAKE TIN VINTAGE GREEN,215,531,4109.72,8.399999999999995,158,11
23255,CHILDRENS CUTLERY CIRCUS PARADE,159,1015,4101.37,4.345723270440253,117,17
23193,BUFFALO BILL TREASURE BOOK BOX,181,1930,4097.280000000001,2.7146408839779013,110,11
23009,I LOVE LONDON BABY GIFT SET,103,263,4082.52,15.988252427184463,49,8
22577,WOODEN HEART CHRISTMAS SCANDINAVIAN,555,10610,4075.9400000000023,0.49760360360360495,344,8
22489,PACK OF 12 TRADITIONAL CRAYONS,448,9721,4072.970000000001,0.5400669642857148,233,15
23340,VINTAGE CHRISTMAS CAKE FRILL,153,2512,4053.880000000002,1.9569281045751654,113,3
21116,OWL DOORSTOP,259,707,4051.79,6.558918918918918,82,8
21704,BAG 250g SWIRLY MARBLES,249,5144,4039.2800000000016,1.0033734939759036,138,9
22219,LOVEBIRD HANGING DECORATION WHITE ,557,4138,4037.9800000000023,1.1797307001795303,191,6
72351B,SET/6 PINK  BUTTERFLY T-LIGHTS,189,2098,4012.0500000000015,2.381111111111109,88,3
22951,60 CAKE CASES DOLLY GIRL DESIGN,453,7518,4010.550000000001,0.6718543046357607,238,19
22431,WATERING CAN BLUE ELEPHANT,340,2062,4002.610000000004,2.3030882352941133,160,9
22890,NOVELTY BISCUITS CAKE STAND 3 TIER,171,391,3999.570000000002,11.253099415204678,95,10
23129,HEART SHAPED HOLLY WREATH,172,950,3999.499999999999,4.57627906976744,139,10
22956,36 FOIL HEART CAKE CASES,206,2055,3992.580000000002,2.215873786407765,145,15
22493,PAINT YOUR OWN CANVAS SET,224,2463,3989.9399999999982,1.911875000000002,126,5
20675,BLUE POLKADOT BOWL,325,3121,3984.3700000000003,1.5859384615384613,150,15
23306,SET OF 36 DOILIES PANTRY DESIGN,245,2741,3983.6000000000045,1.7355510204081601,173,13
84792,ENCHANTED BIRD COATHANGER 5 HOOK,244,834,3978.97,5.529590163934422,126,6
22274,FELTCRAFT DOLL EMILY,274,1347,3974.130000000002,3.3183211678832083,169,11
22131,FOOD CONTAINER SET 3 LOVE HEART ,302,2039,3952.190000000003,2.7952980132450302,116,11
23526,WALL ART DOG LICENCE ,115,604,3939.760000000001,8.880260869565223,58,3
23557,LANDMARK FRAME BAKER STREET ,32,350,3930.27,13.181874999999998,26,1
22148,EASTER CRAFT 4 CHICKS ,192,1939,3929.150000000004,2.2503124999999966,149,9
22179,SET 10 NIGHT OWL LIGHTS,173,506,3915.4799999999996,8.935895953757225,60,5
22980,PANTRY SCRUBBING BRUSH,297,2366,3914.9599999999964,1.9209090909090931,199,11
23081,GREEN METAL BOX ARMY SUPPLIES,136,468,3914.5,9.432720588235293,79,9
21716,BOYS VINTAGE TIN SEASIDE BUCKET,246,1441,3913.720000000001,3.378414634146341,113,11
21041,RED RETROSPOT OVEN GLOVE DOUBLE,263,921,3909.6300000000015,4.375399239543726,101,5
21928,JUMBO BAG SCANDINAVIAN PAISLEY,146,2059,3908.6200000000035,2.7551369863013657,77,7
23049,RECYCLED ACAPULCO MAT RED,186,456,3896.8400000000006,8.921505376344085,104,12
22117,METAL SIGN HER DINNER IS SERVED ,95,1320,3896.449999999999,2.9212631578947374,59,6
23552,BICYCLE PUNCTURE REPAIR KIT ,124,1864,3883.9900000000007,2.262580645161293,94,6
22222,CAKE PLATE LOVEBIRD WHITE,222,1057,3880.2000000000007,5.441216216216214,105,9
22578,WOODEN STAR CHRISTMAS SCANDINAVIAN,532,10462,3877.680000000004,0.470093984962407,333,10
21749,LARGE RED RETROSPOT WINDMILL,140,1963,3877.089999999998,2.5309999999999984,81,6
22738,RIBBON REEL SNOWY VILLAGE,281,2189,3856.0699999999997,2.3265480427046277,148,7
22896,PEG BAG APPLES DESIGN,292,1492,3853.759999999996,3.200684931506852,145,9
85049A,TRADITIONAL CHRISTMAS RIBBONS,331,3005,3847.3600000000006,1.4875528700906346,205,9
37370,RETRO COFFEE MUGS ASSORTED,166,2571,3844.81,5.331626506024093,73,6
23111,PARISIENNE SEWING BOX,139,312,3839.2400000000002,13.468920863309354,81,9
23194,GYMKHANA TREASURE BOOK BOX,207,1719,3824.5299999999997,2.7398067632850247,129,11
22842,BISCUIT TIN VINTAGE RED,163,590,3823.21,7.175582822085889,121,12
22809,SET OF 6 T-LIGHTS SANTA,210,1254,3822.5000000000023,3.493428571428569,142,8
21110,LARGE CAKE TOWEL PINK SPOTS,136,1106,3822.4500000000003,6.2624264705882355,63,8
22350,ILLUSTRATED CAT BOWL ,124,1413,3822.1200000000017,3.0630645161290317,64,7
22383,LUNCH BAG SUKI  DESIGN ,206,2220,3791.860000000003,2.4265533980582443,123,10
85049E,SCANDINAVIAN REDS RIBBONS,421,2866,3791.110000000001,1.4903562945368174,249,9
21244,BLUE POLKADOT PLATE ,197,2282,3789.3199999999997,2.0589847715736034,108,12
23253,16 PIECE CUTLERY SET PANTRY DESIGN,69,254,3785.0600000000004,17.166231884057968,44,9
23092,LARGE ANTIQUE WHITE PHOTO FRAME,136,525,3773.579999999998,8.099485294117644,97,5
23299,FOOD COVER WITH BEADS SET 2 ,147,1012,3772.8800000000006,4.36625850340136,110,9
21746,SMALL RED RETROSPOT WINDMILL,228,3075,3766.9300000000007,1.4690789473684212,123,6
21527,RED RETROSPOT TRADITIONAL TEAPOT ,149,481,3756.790000000003,8.510268456375858,96,7
23236,STORAGE TIN VINTAGE DOILY ,201,1288,3751.0199999999995,3.3870149253731285,125,16
22195,LARGE HEART MEASURING SPOONS,381,1979,3725.6099999999974,2.350866141732284,149,14
21260,FIRST AID TIN,168,1161,3722.2299999999996,3.5810119047619042,105,12
21658,GLASS  BEURRE DISH,216,881,3721.629999999998,5.604907407407406,83,6
23182,TOILET SIGN OCCUPIED OR VACANT,446,3777,3718.090000000002,1.5163004484304952,141,5
23064,CINDERELLA CHANDELIER ,23,221,3717.5600000000004,45.48739130434783,21,4
22212,FOUR HOOK  WHITE LOVEBIRDS,410,1615,3713.5400000000022,2.82860975609756,146,8
22854,CREAM SWEETHEART EGG HOLDER,163,767,3708.519999999999,5.392760736196314,124,5
21531,RED RETROSPOT SUGAR JAM BOWL,253,1522,3692.369999999999,2.8857707509881436,144,10
21890,S/6 WOODEN SKITTLES IN COTTON BAG,238,1152,3689.46,3.8453781512605025,144,8
22656,VINTAGE BLUE KITCHEN CABINET,20,26,3685.0,146.75,17,2
23013,GLASS APOTHECARY BOTTLE TONIC,225,925,3678.1099999999997,4.66973333333333,136,8
23130,MISTLETOE HEART WREATH GREEN,179,882,3676.1800000000003,4.5320111731843555,136,4
22926,IVORY GIANT GARDEN THERMOMETER,199,597,3674.7000000000035,6.2844221105527724,141,7
85053,FRENCH ENAMEL CANDLEHOLDER,330,1701,3666.2900000000027,2.6072121212121178,158,11
22378,WALL TIDY RETROSPOT ,295,2288,3649.0700000000024,3.019050847457625,70,10
23085,ANTIQUE SILVER BAUBLE LAMP  ,87,381,3635.2300000000005,10.819999999999997,65,4
22468,BABUSHKA LIGHTS STRING OF 10,153,517,3633.1699999999996,8.304117647058824,83,7
23294,SET OF 6 SNACK LOAF BAKING CASES,365,4420,3631.0500000000043,1.084794520547948,215,15
22466,FAIRY TALE COTTAGE NIGHTLIGHT,95,2093,3626.450000000001,2.392736842105264,52,10
22236,CAKE STAND 3 TIER MAGIC GARDEN,88,308,3624.5999999999995,12.525,67,10
23210,WHITE ROCKING HORSE HAND PAINTED,207,2902,3617.7800000000016,1.4615942028985507,116,13
23032,DRAWER KNOB CRACKLE GLAZE IVORY,201,2162,3608.5800000000017,1.7765671641791063,116,9
22053,EMPIRE DESIGN ROSETTE,28,4244,3606.4199999999996,1.227857142857143,24,3
84968C,SET OF 16 VINTAGE PISTACHIO CUTLERY,104,317,3585.9900000000002,14.927403846153853,37,6
23091,ZINC HERB GARDEN CONTAINER,212,567,3585.3900000000003,6.727688679245283,156,4
22739,RIBBON REEL CHRISTMAS SOCK BAUBLE,326,1835,3585.0199999999995,2.357147239263805,169,11
22348,TEA BAG PLATE RED RETROSPOT,363,4086,3584.9900000000016,1.083691460055095,145,17
71477,COLOURED GLASS STAR T-LIGHT HOLDER,54,1013,3584.9100000000017,4.471296296296293,32,1
23497,CLASSIC CHROME BICYCLE BELL ,200,2501,3582.9700000000025,1.6246499999999957,150,12
21494,ROTATING LEAVES T-LIGHT HOLDER,321,1934,3578.829999999999,2.5840186915887844,80,7
22908,PACK OF 20 NAPKINS RED APPLES,387,4385,3573.8300000000027,0.9666666666666655,213,13
23332,IVORY WICKER HEART LARGE,301,2076,3570.7599999999993,1.7598338870431924,208,5
22800,ANTIQUE TALL SWIRLGLASS TRINKET POT,204,871,3564.4900000000002,4.949705882352942,110,4
20717,STRAWBERRY SHOPPER BAG,418,2857,3564.480000000001,1.6720095693779906,151,11
85132C,CHARLIE AND LOLA FIGURES TINS,212,1520,3562.32,3.9865094339622615,97,7
22180,RETROSPOT LAMP,156,334,3561.3399999999997,11.504679487179486,93,9
22669,RED BABY BUNTING ,234,1128,3558.9999999999995,3.7677777777777752,144,10
23191,BUNDLE OF 3 RETRO NOTE BOOKS,288,2158,3557.939999999997,1.8715277777777801,179,9
21974,SET OF 36 PAISLEY FLOWER DOILIES,360,2219,3545.599999999999,2.1443888888888876,178,13
21992,VINTAGE PAISLEY STATIONERY SET,453,1913,3529.120000000001,2.05317880794702,161,9
21703,BAG 125g SWIRLY MARBLES,298,9390,3528.8899999999994,0.49573825503355756,176,10
22688,DOORMAT PEACE ON EARTH BLUE,32,705,3519.6599999999994,9.140625,27,6
23353,6 GIFT TAGS VINTAGE CHRISTMAS ,335,4016,3517.520000000006,0.9968358208955226,228,11
23189,SET OF 12 FORK CANDLES,142,1249,3507.5099999999993,3.3956338028168966,90,8
21715,GIRLS VINTAGE TIN SEASIDE BUCKET,232,1330,3507.1700000000014,3.2612931034482764,117,12
22760,"TRAY, BREAKFAST IN BED",80,275,3491.8600000000006,14.710749999999999,51,8
21238,RED RETROSPOT CUP,391,3969,3488.4399999999982,1.069411764705881,161,16
21745,GAOLERS KEYS DECORATIVE GARDEN ,218,938,3486.9799999999996,3.965045871559633,116,7
82580,BATHROOM METAL SIGN,636,5883,3474.3100000000013,0.8297641509433961,211,6
22065,CHRISTMAS PUDDING TRINKET POT ,257,6763,3470.8300000000004,1.0489883268482492,133,7
22435,SET OF 9 HEART SHAPED BALLOONS,274,2766,3456.75,1.4585401459854015,154,12
23350,ROLL WRAP VINTAGE SPOT ,314,2721,3456.330000000002,1.459267515923567,206,8
47567B,TEA TIME KITCHEN APRON,141,609,3456.150000000001,6.321134751773046,82,8
23426,METAL SIGN DROP YOUR PANTS,210,1277,3450.209999999998,3.33023809523809,127,7
21588,RETROSPOT GIANT TUBE MATCHES,138,1497,3450.149999999998,2.5271739130434776,99,4
21243,PINK  POLKADOT PLATE ,186,2065,3449.6,2.1288709677419355,96,12
84508A,CAMOUFLAGE DESIGN TEDDY,36,1631,3448.05,2.4125000000000005,18,1
21385,IVORY HANGING DECORATION  HEART,330,3889,3447.5500000000015,1.1054848484848472,154,5
21463,MIRRORED DISCO BALL ,136,651,3446.95,5.799632352941173,78,3
22300,COFFEE MUG DOG + BALL DESIGN,200,1543,3444.909999999999,3.09595,101,7
23156,SET OF 5 MINI GROCERY MAGNETS,212,1672,3437.8500000000026,2.2572169811320766,118,13
23354,6 GIFT TAGS 50'S CHRISTMAS ,332,3743,3431.890000000006,0.971355421686747,236,10
21497,FANCY FONTS BIRTHDAY WRAP,232,8600,3430.0,0.4182758620689661,177,10
23388,WOODLAND MINI BACKPACK,155,820,3427.9399999999996,4.631161290322577,115,10
23014,GLASS APOTHECARY BOTTLE ELIXIR,213,858,3427.4799999999996,4.855258215962439,123,9
23127,FELTCRAFT GIRL NICOLE KIT,185,669,3427.35,5.277999999999995,138,10
22311,OFFICE MUG WARMER BLACK+SILVER ,149,1137,3418.51,4.044228187919463,62,9
84509A,SET OF 4 ENGLISH ROSE PLACEMATS,230,896,3417.28,4.501217391304347,104,10
22782,SET 3 WICKER STORAGE BASKETS ,74,241,3399.949999999999,19.3554054054054,65,6
23239,SET OF 4 KNICK KNACK TINS POPPIES,186,853,3399.4900000000007,4.387096774193548,126,11
21429,RED GINGHAM ROSE JEWELLERY BOX,293,1744,3398.9500000000003,2.3192491467576777,148,13
22029,SPACEBOY BIRTHDAY CARD,530,8185,3397.6499999999974,0.5240377358490571,235,14
84032A,CHARLIE+LOLA PINK HOT WATER BOTTLE,316,1005,3390.8799999999983,3.4939556962025335,79,4
22653,BUTTON BOX ,254,1877,3380.45,1.9483464566929125,74,6
79000,MOROCCAN TEA GLASS,127,4186,3377.7400000000025,1.01251968503937,70,6
23188,VINTAGE  2 METRE FOLDING RULER,155,1628,3375.700000000003,1.99709677419355,103,3
22776,SWEETHEART 3 TIER CAKE STAND ,159,284,3371.5800000000036,12.072264150943411,100,6
21993,FLORAL FOLK STATIONERY SET,432,1943,3363.34,2.015856481481482,152,9
22812,PACK 3 BOXES CHRISTMAS PANNETONE,167,1650,3361.7700000000013,2.744371257485029,93,7
22563,HAPPY STENCIL CRAFT,291,2831,3358.1800000000003,1.3471134020618556,172,8
22687,DOORMAT CHRISTMAS VILLAGE,52,590,3354.2200000000003,11.31980769230769,31,5
22432,WATERING CAN PINK BUNNY,284,1721,3350.6200000000035,2.235739436619714,159,10
22079,RIBBON REEL HEARTS DESIGN ,331,1911,3348.39,2.0364048338368606,191,10
22165,"DIAMANTE HEART SHAPED WALL MIRROR, ",147,415,3328.2,11.873129251700682,28,1
22179,SET 10 LIGHTS NIGHT OWL,120,461,3317.4699999999993,9.038333333333329,54,3
23065,LARGE DECO JEWELLERY STAND,96,264,3314.94,12.991041666666666,78,6
23395,BELLE JARDINIERE CUSHION COVER,220,761,3305.829999999999,4.867909090909091,142,10
22855,FINE WICKER HEART ,239,2644,3304.2300000000014,1.5256903765690375,153,3
22962,JAM JAR WITH PINK LID,344,3904,3294.9100000000017,1.0569767441860454,181,19
22460,EMBOSSED GLASS TEALIGHT HOLDER,213,2559,3289.7500000000005,1.5460093896713614,119,2
22567,20 DOLLY PEGS RETROSPOT,232,2470,3282.2999999999993,1.5637931034482764,136,16
22244,3 HOOK HANGER MAGIC GARDEN,162,1705,3280.110000000002,2.8162962962962945,67,11
23308,SET OF 60 VINTAGE LEAF CAKE CASES ,394,6151,3279.210000000001,0.6923857868020292,210,13
22967,SET 3 SONG BIRD PAPER EGGS ASSORTED,139,1173,3277.3099999999986,3.011582733812947,123,11
22430,ENAMEL WATERING CAN CREAM,205,630,3266.0899999999992,5.6069268292682874,132,8
23053,RECYCLED ACAPULCO MAT PINK,165,365,3262.5700000000015,9.80987878787879,106,15
21868,POTTING SHED TEA MUG,306,2479,3262.25,1.7523529411764707,154,4
22187,GREEN CHRISTMAS TREE CARD HOLDER,194,1266,3245.6799999999994,3.9398969072164944,124,3
22746,POPPY'S PLAYHOUSE LIVINGROOM ,333,1451,3244.9400000000023,2.510210210210208,180,15
23393,HOME SWEET HOME CUSHION COVER ,236,807,3230.4099999999994,4.465932203389832,166,9
23230,WRAP ALPHABET DESIGN,236,8001,3228.42,0.4173728813559328,179,12
23051,RECYCLED ACAPULCO MAT BLUE,162,365,3223.49,9.636790123456791,96,11
20973,12 PENCIL SMALL TUBE WOODLAND,370,4506,3216.119999999999,0.7866756756756764,192,12
22360,GLASS JAR ENGLISH CONFECTIONERY,224,1019,3210.52,3.8585267857142833,103,7
21135,VICTORIAN  METAL POSTCARD SPRING,183,2870,3207.689999999999,1.8930054644808734,123,8
22491,PACK OF 12 COLOURED PENCILS,222,3959,3193.83,0.9122072072072079,163,12
23342,MINT DINER WALL CLOCK,164,373,3176.4100000000003,8.831463414634145,105,10
21115,ROSE CARAVAN DOORSTOP,166,566,3174.8400000000006,7.439879518072286,105,11
23035,DRAWER KNOB CERAMIC IVORY,194,2173,3173.890000000002,1.6429896907216501,111,8
23323,WHITE WICKER STAR ,306,1473,3155.179999999998,2.2493137254901976,211,5
22465,HANGING METAL STAR LANTERN,202,2060,3153.089999999999,1.8738118811881204,120,4
72807C,SET/3 VANILLA SCENTED CANDLE IN BOX,157,721,3145.0499999999997,5.298535031847133,84,8
84968A,SET OF 16 VINTAGE ROSE CUTLERY,99,267,3139.3,13.83707070707071,33,5
21381,MINI WOODEN HAPPY BIRTHDAY GARLAND,230,1815,3137.9999999999995,2.36595652173913,89,8
22778,GLASS CLOCHE SMALL,148,806,3131.0199999999995,4.8707432432432425,80,6
21561,DINOSAUR LUNCH BOX WITH CUTLERY,215,1282,3127.3799999999983,3.0209302325581406,117,11
23346,SPACEBOY BEAKER,188,2632,3117.340000000001,1.5157978723404248,107,12
21240,BLUE POLKADOT CUP,329,3573,3112.809999999999,1.111610942249239,150,14
20754,RETROSPOT RED WASHING UP GLOVES,308,1458,3090.960000000001,2.511915584415583,154,10
23461,SWEETHEART BIRD HOUSE,107,857,3082.7099999999996,4.525233644859814,76,2
20828,GLITTER BUTTERFLY CLIPS,250,1130,3079.88,3.1613600000000024,117,5
23188,VINTAGE  2 METER FOLDING RULER,184,1845,3075.369999999998,1.8795652173913069,132,5
84997A,GREEN 3 PIECE POLKADOT CUTLERY SET,74,845,3069.4599999999996,4.073648648648646,56,7
22564,ALPHABET STENCIL CRAFT,191,2702,3063.52,1.35434554973822,121,4
23329,DECORATIVE WICKER HEART LARGE,261,1778,3056.34,1.764099616858241,169,4
22810,SET OF 6 T-LIGHTS SNOWMEN,169,952,3045.680000000001,3.5862130177514775,107,6
22604,SET OF 4 NAPKIN CHARMS CUTLERY,131,1253,3044.7599999999998,2.8502290076335863,78,8
23242,TREASURE TIN BUFFALO BILL ,223,1476,3037.1100000000006,2.2770852017937235,133,13
22972,CHILDREN'S SPACEBOY MUG,231,1774,3032.9899999999984,1.9855411255411273,138,10
22892,SET OF SALT AND PEPPER TOADSTOOLS,200,2478,3029.1,1.24525,118,10
22894,TABLECLOTH RED APPLES DESIGN ,123,305,3027.379999999999,10.172682926829264,83,10
23237,SET OF 4 KNICK KNACK TINS LEAF,124,748,3024.760000000001,4.270645161290323,95,10
21810,CHRISTMAS HANGING STAR WITH BELL,268,5945,3022.790000000002,0.7380223880597013,130,4
22592,CARDHOLDER HOLLY WREATH METAL,135,658,3021.1200000000003,5.085037037037034,80,4
22945,CHRISTMAS METAL TAGS ASSORTED ,177,3003,3019.1200000000017,2.195706214689266,119,11
21714,CITRONELLA CANDLE GARDEN POT,228,1657,3018.15,1.8920175438596494,107,3
23390,DOLLY GIRL MINI BACKPACK,168,743,3008.9899999999993,4.386904761904758,117,13
23236,DOILEY STORAGE TIN,123,1094,3004.459999999998,3.1030081300812973,94,12
22644,CERAMIC CHERRY CAKE MONEY BANK,279,2224,3000.0199999999995,2.1159498207885292,147,10
16161P,WRAP ENGLISH ROSE ,249,7226,2990.92,0.4194377510040167,189,18
21201,TROPICAL  HONEYCOMB PAPER GARLAND ,104,1240,2987.82,3.1661538461538448,45,3
21411,GINGHAM HEART  DOORSTOP RED,246,793,2982.03,4.890650406504064,148,6
22331,WOODLAND PARTY BAG + STICKER SET,183,1840,2975.14,2.00584699453552,102,11
21625,VINTAGE UNION JACK APRON,174,411,2967.310000000001,8.039770114942524,98,4
22906,12 MESSAGE CARDS WITH ENVELOPES,264,1740,2959.4199999999983,2.0406060606060623,151,6
21918,SET 12 KIDS COLOUR  CHALK STICKS,373,7200,2950.67,0.5193297587131372,194,16
22078,RIBBON REEL LACE DESIGN ,201,1381,2948.4099999999994,2.6188059701492508,106,9
85174,S/4 CACTI CANDLES,161,617,2946.879999999999,6.97664596273292,56,4
22990,COTTON APRON PANTRY DESIGN,168,638,2942.18,5.3109523809523775,118,10
35004B,SET OF 3 BLACK FLYING DUCKS,112,577,2934.8100000000004,6.268839285714288,31,2
22777,GLASS CLOCHE LARGE,57,350,2934.5300000000007,10.7119298245614,37,2
23211,RED ROCKING HORSE HAND PAINTED,164,2331,2933.0700000000006,1.561341463414634,83,10
84568,GIRLS ALPHABET IRON ON PATCHES ,148,13882,2923.1300000000006,0.3853378378378379,19,4
22843,BISCUIT TIN VINTAGE GREEN,129,453,2911.27,7.153255813953487,93,8
21313,GLASS HEART T-LIGHT HOLDER ,216,3336,2906.5200000000004,1.1463888888888887,97,4
22774,RED DRAWER KNOB ACRYLIC EDWARDIAN,143,2278,2901.75,1.5920279720279722,57,6
23290,SPACEBOY CHILDRENS BOWL,215,2437,2899.100000000001,1.4348372093023252,126,14
23056,FLOWERS CHANDELIER T-LIGHT HOLDER,42,963,2898.12,6.187380952380953,33,4
23345, DOLLY GIRL BEAKER,179,2455,2891.2500000000014,1.5021229050279323,101,11
21976,PACK OF 60 MUSHROOM CAKE CASES,406,5230,2886.950000000001,0.834605911330048,182,20
23283,DOORMAT VINTAGE LEAVES DESIGN ,91,430,2881.1800000000017,7.847912087912096,76,5
21990,MODERN FLORAL STATIONERY SET,375,1679,2880.45,1.988026666666667,128,8
23427,STOOL HOME SWEET HOME ,116,238,2873.08,12.963448275862069,88,5
22354,RETROSPOT PADDED SEAT CUSHION,83,750,2860.98,4.55590361445783,44,9
22426,ENAMEL WASH BOWL CREAM,212,746,2858.96,4.8515566037735836,105,5
23504,PLAYING CARDS JUBILEE UNION JACK,221,1934,2857.640000000001,1.3465610859728507,165,4
22797,CHEST OF DRAWERS GINGHAM HEART ,91,163,2851.3600000000006,18.91989010989011,64,6
23212,HEART WREATH DECORATION WITH BELL,194,2288,2850.8900000000003,1.491237113402062,104,7
22930,BAKING MOULD HEART MILK CHOCOLATE,192,1109,2849.35,3.0706250000000015,121,9
22476,EMPIRE UNION JACK TV DINNER TRAY,127,882,2844.16,6.842992125984251,62,6
22072,RED RETROSPOT TEA CUP AND SAUCER ,172,855,2831.1700000000005,3.948197674418605,91,6
22380,TOY TIDY SPACEBOY  ,291,1317,2823.86,2.6742611683848767,115,13
85178,VICTORIAN SEWING KIT,142,2519,2823.83,1.395492957746479,78,9
47599B,BLUE PARTY BAGS ,118,1480,2822.320000000001,2.182372881355932,70,8
21499,BLUE POLKADOT WRAP,218,6952,2819.84,0.4169724770642207,176,16
21563,RED HEART SHAPE LOVE BUCKET ,159,1395,2803.130000000001,3.2000628930817605,96,7
22762,CUPBOARD 3 DRAWER MA CAMPAGNE,112,171,2786.03,17.674464285714286,75,8
22794,SWEETHEART WIRE MAGAZINE RACK,182,326,2784.8999999999996,9.025934065934063,115,5
22224,WHITE LOVEBIRD LANTERN,166,835,2767.010000000001,3.7307228915662636,90,4
22925,BLUE GIANT GARDEN THERMOMETER,184,450,2763.420000000001,6.50744565217391,126,7
23190,BUNDLE OF 3 SCHOOL EXERCISE BOOKS  ,203,1702,2761.8999999999983,1.7966009852216773,146,8
22963,JAM JAR WITH GREEN LID,309,3267,2761.5600000000013,1.0832686084142389,166,15
22196,SMALL HEART MEASURING SPOONS,485,2853,2759.2600000000007,1.2183711340206158,147,12
23266,SET OF 3 WOODEN STOCKING DECORATION,342,2064,2757.570000000001,1.451023391812865,202,9
23542,WALL ART 70'S ALPHABET ,74,356,2757.060000000001,10.148648648648647,45,6
23147,SINGLE ANTIQUE ROSE HOOK IVORY,266,1870,2755.1000000000004,1.5253383458646608,171,9
22773,GREEN DRAWER KNOB ACRYLIC EDWARDIAN,196,2087,2754.4,1.5230102040816327,83,7
23341,PINK DINER WALL CLOCK,122,308,2749.8500000000004,9.931229508196719,76,11
22823,CHEST NATURAL WOOD 20 DRAWERS,13,24,2745.0,118.07692307692308,13,3
22974,CHILDRENS DOLLY GIRL MUG,209,1607,2744.5399999999995,2.036842105263159,127,9
23100,SILVER BELLS TABLE DECORATION,266,2169,2743.130000000001,1.4242481203007522,181,9
22283,6 EGG HOUSE PAINTED WOOD,156,301,2742.3299999999995,9.931794871794867,83,4
21985,PACK OF 12 HEARTS DESIGN TISSUES ,434,8803,2737.630000000001,0.4162672811059903,263,9
23407,SET OF 2 TRAYS HOME SWEET HOME,135,269,2729.3300000000017,10.596888888888895,104,7
20829,GLITTER HANGING BUTTERFLY STRING,200,1315,2725.05,2.450299999999998,91,3
23333,IVORY WICKER HEART MEDIUM,249,2110,2721.7000000000003,1.3309236947791163,180,6
23164,REGENCY CAKE SLICE,92,578,2718.6499999999996,5.579673913043478,71,8
84832,ZINC WILLIE WINKIE  CANDLE STICK,273,2935,2713.5500000000006,1.0859706959706956,138,9
22278,OVERNIGHT BAG VINTAGE ROSE PAISLEY,183,406,2709.2999999999997,7.344918032786883,60,6
21239,PINK  POLKADOT CUP,311,3018,2709.0399999999986,1.120064308681671,142,14
22927,GREEN GIANT GARDEN THERMOMETER,148,430,2704.7100000000005,6.686013513513508,95,5
22737,RIBBON REEL CHRISTMAS PRESENT ,267,1389,2695.7999999999993,2.338314606741574,149,9
23264,SET OF 3 WOODEN SLEIGH DECORATIONS,317,1966,2694.5600000000004,1.4942586750788642,178,12
72802C,VANILLA SCENT CANDLE JEWELLED BOX,108,1396,2692.44,4.529444444444445,64,4
22691,DOORMAT WELCOME SUNRISE,121,372,2686.72,9.35380165289256,66,5
22702,BLACK AND WHITE CAT BOWL,49,1363,2684.6499999999996,2.0377551020408164,36,5
22045,SPACEBOY GIFT WRAP,209,6552,2683.84,0.4186602870813401,149,14
22660,DOORMAT I LOVE LONDON,102,364,2678.96,9.895098039215684,57,6
21781,MA CAMPAGNE CUTLERY BOX,102,169,2676.750000000002,16.795294117647067,52,4
22433,WATERING CAN GREEN DINOSAUR,229,1394,2667.5000000000027,2.27541484716157,122,9
22130,PARTY CONE CHRISTMAS DECORATION ,113,2277,2664.63,1.7685840707964595,79,5
21109,LARGE CAKE TOWEL CHOCOLATE SPOTS,109,926,2663.6200000000003,5.342844036697246,52,5
22329,ROUND CONTAINER SET OF 5 RETROSPOT,240,1604,2663.5399999999977,2.0670416666666678,104,13
23146,TRIPLE HOOK ANTIQUE IVORY ROSE,234,801,2655.1299999999997,3.511538461538464,152,8
22902,TOTE BAG I LOVE LONDON,138,1296,2650.0800000000004,2.6592028985507232,72,7
22582,PACK OF 6 SWEETIE GIFT BOXES,104,1061,2649.35,3.1293269230769223,74,11
22792,FLUTED ANTIQUE CANDLE HOLDER,208,2809,2643.33,1.150144230769231,101,3
22241,GARLAND WOODEN HAPPY EASTER,244,1978,2641.930000000001,1.6061065573770494,126,3
35961,FOLKART ZINC HEART CHRISTMAS DEC,250,2999,2640.8600000000006,1.1318399999999993,117,7
82600,N0 SINGING METAL SIGN,49,1225,2639.420000000002,2.673673469387753,31,3
23054,RECYCLED ACAPULCO MAT LAVENDER,131,297,2621.4300000000003,9.523282442748089,82,12
21012,ANTIQUE ALL GLASS CANDLESTICK,202,1171,2618.25,2.3101485148514844,67,3
22965,3 TRADITIONAl BISCUIT CUTTERS  SET,235,1211,2610.610000000002,2.3525531914893594,169,12
22830,UTILTY CABINET WITH HOOKS,6,131,2610.29,21.771666666666665,5,1
22700,BLACK AND WHITE DOG BOWL,53,1198,2608.0799999999995,2.640754716981133,42,3
23196,VINTAGE LEAF MAGNETIC NOTEPAD,282,1722,2605.500000000002,1.8118085106382944,160,11
22833,HALL CABINET WITH 3 DRAWERS,5,76,2603.5299999999993,56.508,5,1
22175,PINK OWL SOFT TOY,173,879,2600.13,3.456127167630057,85,8
22361,GLASS JAR DAISY FRESH COTTON WOOL,273,733,2598.23,4.426263736263733,93,8
22805,BLUE DRAWER KNOB ACRYLIC EDWARDIAN,198,1904,2593.5299999999997,1.6693939393939392,78,8
21500,PINK POLKADOT WRAP ,213,6350,2593.0,0.41690140845070467,162,15
22822,CREAM WALL PLANTER HEART SHAPED,159,434,2588.6999999999994,6.439874213836473,122,4
47559B,TEA TIME OVEN GLOVE,292,2080,2588.65,1.4557191780821914,153,13
22933,BAKING MOULD EASTER EGG MILK CHOC,123,940,2585.9200000000005,3.4886991869918673,83,6
22610,PENS ASSORTED FUNNY FACE,218,9608,2578.239999999999,0.3876605504587159,124,6
21735,TWO DOOR CURIO CABINET,83,212,2577.4500000000003,12.538554216867471,61,5
23534,STOP FOR TEA WALL ART,41,518,2572.7,5.775853658536586,40,4
84596B,SMALL DOLLY MIX DESIGN ORANGE BOWL,540,5078,2570.5200000000023,0.6106296296296301,190,7
23292,SPACEBOY CHILDRENS CUP,218,2051,2558.82,1.5331192660550454,113,15
22358,KINGS CHOICE TEA CADDY ,258,700,2557.120000000001,4.317286821705423,88,5
22064,PINK DOUGHNUT TRINKET POT ,251,1735,2556.1999999999994,2.1302788844621534,86,11
21452,TOADSTOOL MONEY BOX,187,818,2549.11,3.6382352941176466,110,12
21078,SET/20 STRAWBERRY PAPER NAPKINS ,318,2780,2540.390000000001,1.2520754716981113,149,11
23131,MISTLETOE HEART WREATH CREAM,112,625,2539.6299999999997,4.20964285714286,87,3
23424,GINGHAM RECIPE BOOK BOX,136,466,2529.4199999999983,6.177647058823527,88,7
72351A,SET/6 TURQUOISE BUTTERFLY T-LIGHTS,159,1278,2528.15,2.290314465408804,79,3
23681,LUNCH BAG RED VINTAGE DOILY,134,1577,2526.69,1.8646268656716447,106,6
21730,GLASS STAR FROSTED T-LIGHT HOLDER,132,518,2519.3800000000006,5.353560606060604,80,4
22670,FRENCH WC SIGN BLUE METAL,304,1883,2518.0000000000005,1.6334539473684202,142,8
21556,CERAMIC STRAWBERRY MONEY BOX,117,981,2515.519999999999,3.259999999999999,39,7
23316,RED REFECTORY CLOCK ,111,251,2511.5900000000006,11.099009009009007,76,10
22672,FRENCH BATHROOM SIGN BLUE METAL,221,1476,2511.219999999999,2.087692307692309,126,6
22937,BAKING MOULD CHOCOLATE CUPCAKES,163,950,2507.1399999999985,2.9238650306748495,120,11
22075,6 RIBBONS ELEGANT CHRISTMAS ,205,1800,2503.3399999999983,1.7660487804878031,97,5
21107,CREAM SLICE FLANNEL PINK SPOT ,101,904,2501.5600000000004,3.8062376237623763,49,6
23367,SET 12 COLOUR PENCILS SPACEBOY ,289,3285,2495.75,0.7551903114186862,185,12
21903,MAN FLU METAL SIGN,182,1162,2494.3300000000004,2.5010989010988993,114,4
22215,CAKE STAND WHITE TWO TIER LACE,101,343,2471.3900000000003,8.513465346534652,72,8
23352,ROLL WRAP 50'S RED CHRISTMAS ,215,1803,2462.9500000000007,1.5092093023255817,152,6
85062,PEARL CRYSTAL PUMPKIN T-LIGHT HLDR,162,1474,2449.2999999999984,1.7897530864197537,98,1
23489,VINTAGE BELLS GARLAND,155,821,2443.3500000000004,3.2428387096774123,117,4
85184C,S/4 VALENTINE DECOUPAGE HEART BOX,132,1484,2443.04,2.852499999999998,83,5
22374,AIRLINE BAG VINTAGE JET SET RED,229,555,2440.2699999999995,4.703144104803493,109,11
84032B,CHARLIE + LOLA RED HOT WATER BOTTLE,258,939,2430.4400000000005,3.1205813953488386,107,4
21875,KINGS CHOICE MUG,149,2055,2429.3799999999997,1.8340268456375841,84,3
23406,HOME SWEET HOME KEY HOLDER,112,457,2428.9100000000003,7.102232142857142,66,3
22807,SET OF 6 T-LIGHTS TOADSTOOLS,199,825,2428.1800000000003,3.753165829145728,75,8
22573,STAR WOODEN CHRISTMAS DECORATION,223,2689,2427.250000000001,1.1207174887892368,128,7
23265,SET OF 3 WOODEN TREE DECORATIONS,317,1784,2423.5400000000004,1.475047318611987,181,9
22743,MAKE YOUR OWN FLOWERPOWER CARD KIT,210,934,2420.3400000000006,3.6393333333333313,116,8
22811,SET OF 6 T-LIGHTS CACTI ,109,881,2419.2899999999995,3.8372477064220183,38,3
22437,SET OF 9 BLACK SKULL BALLOONS,230,2850,2418.9399999999996,1.0114347826086962,141,12
21328,BALLOONS  WRITING SET ,353,1342,2418.6799999999994,2.240339943342778,136,8
23400,SHELF WITH 4 HOOKS HOME SWEET HOME,108,461,2409.3400000000006,6.854074074074074,77,4
22167, OVAL WALL MIRROR DIAMANTE ,158,238,2401.0699999999997,10.701518987341771,42,3
20978,36 PENCILS TUBE SKULLS,269,1799,2400.05,1.6140892193308547,134,9
84796B,BLUE SAVANNAH PICNIC HAMPER FOR 2,124,256,2393.589999999999,9.261209677419352,17,4
84969,BOX OF 6 ASSORTED COLOUR TEASPOONS,211,559,2389.52,4.638388625592419,49,7
11001,ASSTD DESIGN RACING CAR PEN,115,1615,2389.44,1.8899999999999992,45,8
22440,BALLOON WATER BOMB PACK OF 35,162,6034,2385.120000000002,0.4545061728395065,101,6
23048,SET OF 10 LANTERNS FAIRY LIGHT STAR,106,581,2384.97,4.653962264150945,82,8
20983,12 PENCILS TALL TUBE RED RETROSPOT,284,2746,2382.46,0.9319366197183098,186,13
22282,12 EGG HOUSE PAINTED WOOD,99,149,2378.52,17.214646464646464,40,6
23498,CLASSIC BICYCLE CLIPS ,106,1644,2378.4799999999996,1.6500943396226404,78,4
21811,HANGING HEART WITH BELL,228,4620,2376.0500000000006,0.9177631578947368,107,5
22851,SET 20 NAPKINS FAIRY CAKES DESIGN ,361,2749,2375.4400000000014,0.9976731301939048,199,9
84997d,CHILDRENS CUTLERY POLKADOT PINK,67,285,2372.3299999999995,8.434477611940293,1,1
23535,BICYCLE SAFTEY WALL ART,39,458,2371.939999999999,5.782307692307693,38,3
23396,LE JARDIN BOTANIQUE CUSHION COVER,177,566,2371.2499999999995,4.746440677966103,115,5
37500,TEA TIME TEAPOT IN GIFT BOX,113,380,2360.68,7.211415929203537,54,8
22070,SMALL RED RETROSPOT MUG IN BOX ,118,949,2358.1500000000005,4.210084745762712,63,12
21495,SKULLS AND CROSSBONES WRAP,165,5800,2356.0,0.4176969696969699,102,5
23401,RUSTIC MIRROR WITH LACE HEART,83,459,2354.8700000000003,7.090361445783133,60,3
23412,HEART MIRROR ANTIQUE WHITE,77,358,2354.7999999999997,7.724415584415586,65,1
22548,HEADS AND TAILS SPORTING FUN,214,1977,2351.4400000000005,1.408271028037383,150,8
22425,ENAMEL COLANDER CREAM,167,461,2346.120000000001,5.685688622754488,111,5
23437, 50'S CHRISTMAS GIFT BAG LARGE,129,1915,2343.63,1.426589147286821,107,6
21700,BIG DOUGHNUT FRIDGE MAGNETS,200,1726,2334.9399999999996,3.9571500000000044,59,10
20977,36 PENCILS TUBE WOODLAND,188,1741,2331.1400000000003,1.509042553191489,112,13
16156S,WRAP PINK FAIRY CAKES ,167,5800,2331.0,0.41688622754491045,135,9
22829,SWEETHEART WIRE WALL TIDY,111,229,2315.3299999999995,10.856126126126123,81,6
22736,RIBBON REEL MAKING SNOWMEN ,230,1233,2315.249999999999,2.3747826086956527,131,8
22483,RED GINGHAM TEDDY BEAR ,173,774,2314.7400000000007,3.5851445086705205,92,11
23371,SET 36 COLOUR PENCILS SPACEBOY ,192,1712,2313.5300000000016,1.5095312500000002,99,11
84950,ASSORTED COLOUR T-LIGHT HOLDER,122,3631,2304.8300000000004,0.8149999999999997,67,5
21982,PACK OF 12 SUKI TISSUES ,371,7612,2304.140000000001,0.4713746630727758,183,11
22441,GROW YOUR OWN BASIL IN ENAMEL MUG,225,1051,2301.3100000000004,2.5513777777777755,131,7
23330,DECORATIVE WICKER HEART MEDIUM,231,1804,2299.4700000000003,1.3590909090909093,159,4
71459,HANGING JAM JAR T-LIGHT HOLDERS,92,2813,2298.050000000001,1.0443478260869568,62,4
85175,CACTI T-LIGHT CANDLES,144,5353,2292.3400000000015,0.9815277777777782,85,5
22185,SLATE TILE NATURAL HANGING,166,1510,2291.4400000000005,1.944397590361447,112,3
84997b,CHILDRENS CUTLERY RETROSPOT RED ,58,273,2287.37,8.623793103448271,1,1
23029,DRAWER KNOB CRACKLE GLAZE GREEN,154,1340,2284.12,1.83909090909091,98,13
21813,GARLAND WITH STARS AND BELLS,113,549,2280.4700000000003,4.661504424778761,39,2
21896,POTTING SHED TWINE,113,983,2279.09,2.412300884955751,80,5
23197,SKETCHBOOK MAGNETIC SHOPPING LIST,249,1456,2273.999999999999,1.9550602409638533,114,9
22914,BLUE COAT RACK PARIS FASHION,156,468,2266.1600000000008,5.5028205128205085,107,12
22983,CARD BILLBOARD FONT,444,5302,2261.5999999999995,0.5248648648648654,224,13
46000S,POLYESTER FILLER PAD 40x40cm,190,2626,2256.2,1.411842105263159,129,7
21069,VINTAGE BILLBOARD TEA MUG,87,1950,2251.77,1.7378160919540222,36,2
22030,SWALLOWS GREETING CARD,277,5551,2247.9700000000007,0.46350180505415217,180,5
23252,VINTAGE RED ENAMEL TRIM JUG ,139,599,2246.6099999999997,4.036978417266187,105,8
23093,SMALL PARISIENNE HEART PHOTO FRAME ,144,941,2244.2200000000003,2.784097222222223,106,3
23326,HANGING MINI COLOURED BOTTLES,77,3443,2237.7099999999996,2.61194805194805,53,7
21989,PACK OF 20 SKULL PAPER NAPKINS,342,2412,2235.6499999999996,1.1503508771929813,131,12
21471,STRAWBERRY RAFFIA FOOD COVER,165,641,2228.0899999999997,3.668606060606061,78,5
23079,TOADSTOOL BEDSIDE LIGHT ,108,251,2225.45,8.937037037037033,83,8
22601,CHRISTMAS RETROSPOT ANGEL WOOD,204,2482,2222.380000000002,1.0724999999999998,122,12
23501,KEY RING BASEBALL BOOT UNION JACK,116,1823,2220.370000000001,1.4912931034482755,78,4
22478,BIRDHOUSE GARDEN MARKER ,141,1543,2218.12,1.779219858156028,60,7
84997c,CHILDRENS CUTLERY POLKADOT BLUE,60,265,2216.2099999999996,8.612666666666662,1,1
37448,CERAMIC CAKE DESIGN SPOTTED MUG,194,1456,2214.0800000000004,1.7899999999999996,79,11
